{"payload":{"installed_packages":["attrs==24.2.0","autocommand==2.2.2","backports.tarfile==1.2.0","certifi==2024.8.30","charset-normalizer==3.4.0","colorama==0.4.6","comet-ml==3.47.1","configobj==5.0.9","contourpy==1.3.0","cycler==0.12.1","dulwich==0.22.3","everett==3.1.0","filelock==3.16.1","filetype==1.2.0","fonttools==4.54.1","fsspec==2024.10.0","gitdb==4.0.11","gitpython==3.1.43","idna==3.10","idna==3.7","importlib_metadata==8.0.0","importlib_resources==6.4.0","inflect==7.3.1","jaraco.collections==5.1.0","jaraco.context==5.3.0","jaraco.functools==4.0.1","jaraco.text==3.12.1","jinja2==3.1.4","jsonschema==4.23.0","jsonschema-specifications==2024.10.1","kiwisolver==1.4.7","markdown-it-py==3.0.0","markupsafe==3.0.2","matplotlib==3.9.2","mdurl==0.1.2","more-itertools==10.3.0","mpmath==1.3.0","networkx==3.4.2","numpy==2.1.2","opencv-python==4.10.0.84","opencv-python-headless==4.10.0.84","packaging==24.1","packaging==24.1","pandas==2.2.3","pillow==11.0.0","pip==24.2","platformdirs==4.2.2","psutil==6.1.0","py-cpuinfo==9.0.0","pygments==2.18.0","pyparsing==3.2.0","python-box==6.1.0","python-dateutil==2.9.0.post0","python-dotenv==1.0.1","pytz==2024.2","pyyaml==6.0.2","referencing==0.35.1","requests==2.32.3","requests-toolbelt==1.0.0","rich==13.9.3","roboflow==1.1.48","rpds-py==0.20.0","scipy==1.14.1","seaborn==0.13.2","semantic-version==2.10.0","sentry-sdk==2.17.0","setuptools==75.2.0","simplejson==3.19.3","six==1.16.0","smmap==5.0.1","sympy==1.13.1","thop==0.1.1-2209072238","tomli==2.0.1","torch==2.5.0+cu118","torchaudio==2.5.0+cu118","torchvision==0.20.0","tqdm==4.66.5","typeguard==4.3.0","typing_extensions==4.12.2","typing_extensions==4.12.2","tzdata==2024.2","ultralytics==8.3.20","ultralytics-thop==2.0.9","urllib3==2.2.3","wheel==0.43.0","wrapt==1.16.0","wurlitzer==3.1.1","zipp==3.19.2"],"message_id":1},"type":"installed_packages"}
{"payload":{"command":["yolov5/train.py","--img","640","--epochs","3","--data","office-2/data.yaml","--weights","yolov5/yolov5s.pt","--device","0"],"env":null,"hostname":"EricMini","ip":"172.16.79.169","machine":"AMD64","message_id":2,"os":"Windows-11-10.0.22631-SP0","os_release":"11","os_type":"Windows","pid":32420,"processor":"AMD64 Family 25 Model 80 Stepping 0, AuthenticAMD","python_exe":"C:\\Users\\ericf\\AppData\\Local\\Programs\\Python\\Python312\\python.exe","python_version":"3.12.5","python_version_verbose":"3.12.5 (tags/v3.12.5:ff3bc82, Aug  6 2024, 20:45:27) [MSC v.1940 64 bit (AMD64)]","user":"ericf"},"type":"system_details"}
{"payload":{"gpu_static_info":[{"gpu_index":0,"name":"NVIDIA GeForce RTX 3050","power_limit":115000,"total_memory":8589934592,"uuid":"GPU-371b3d6d-a96f-dd63-9ef3-3fd83741c933"}],"message_id":3},"type":"gpu_static_info"}
{"payload":{"local_timestamp":1729703980370,"message_id":4,"metric":{"epoch":null,"metricName":"sys.gpu.0.total_memory","metricValue":8589934592,"step":null}},"type":"metric_msg"}
{"payload":{"local_timestamp":1729703980371,"message_id":5,"param":{"paramName":"img","paramValue":640,"source":"cli","step":null}},"type":"parameter_msg"}
{"payload":{"local_timestamp":1729703980371,"message_id":6,"param":{"paramName":"epochs","paramValue":3,"source":"cli","step":null}},"type":"parameter_msg"}
{"payload":{"local_timestamp":1729703980371,"message_id":7,"param":{"paramName":"data","paramValue":"office-2/data.yaml","source":"cli","step":null}},"type":"parameter_msg"}
{"payload":{"local_timestamp":1729703980371,"message_id":8,"param":{"paramName":"weights","paramValue":"yolov5/yolov5s.pt","source":"cli","step":null}},"type":"parameter_msg"}
{"payload":{"local_timestamp":1729703980371,"message_id":9,"param":{"paramName":"device","paramValue":0,"source":"cli","step":null}},"type":"parameter_msg"}
{"payload":{"key":"offline_experiment","message_id":10,"value":true},"type":"log_other"}
{"payload":{"key":"Name","message_id":11,"value":"exp"},"type":"log_other"}
{"payload":{"local_timestamp":1729703980373,"message_id":12,"metric":{"epoch":null,"metricName":"sys.gpu.0.gpu_utilization","metricValue":0,"step":null}},"type":"metric_msg"}
{"payload":{"local_timestamp":1729703980373,"message_id":13,"metric":{"epoch":null,"metricName":"sys.gpu.0.temperature","metricValue":36,"step":null}},"type":"metric_msg"}
{"payload":{"local_timestamp":1729703980373,"message_id":14,"metric":{"epoch":null,"metricName":"sys.gpu.0.memory_utilization","metricValue":29,"step":null}},"type":"metric_msg"}
{"payload":{"local_timestamp":1729703980373,"message_id":15,"metric":{"epoch":null,"metricName":"sys.gpu.0.free_memory","metricValue":7280947200,"step":null}},"type":"metric_msg"}
{"payload":{"local_timestamp":1729703980373,"message_id":16,"metric":{"epoch":null,"metricName":"sys.gpu.0.used_memory","metricValue":1308987392,"step":null}},"type":"metric_msg"}
{"payload":{"local_timestamp":1729703980373,"message_id":17,"metric":{"epoch":null,"metricName":"sys.gpu.0.percent.used_memory","metricValue":15.238618850708008,"step":null}},"type":"metric_msg"}
{"payload":{"additional_params":{"assetId":"91610d71e11544ba93a604e5840692ff","context":null,"extension":"yaml","fileName":"data.yaml","overwrite":false,"runId":null,"step":null},"clean":true,"file_path":"tmpzb8cok5d","local_timestamp":1729703980380,"message_id":18,"metadata":{"type":"data-config-file"},"upload_type":"asset"},"type":"file_upload"}
{"payload":{"local_timestamp":1729703980385,"message_id":19,"output":"\nDataset not found , missing paths ['C:\\\\Users\\\\ericf\\\\OneDrive\\\\Documents\\\\Code\\\\NGC Hackweek\\\\yolov5\\\\office-2\\\\valid\\\\images']\n","stderr":true},"type":"standard_output"}
{"payload":{"local_timestamp":1729703980385,"message_id":20,"output":"Traceback (most recent call last):\n","stderr":true},"type":"standard_output"}
{"payload":{"local_timestamp":1729703980386,"message_id":21,"output":"  File \"C:\\Users\\ericf\\OneDrive\\Documents\\Code\\NGC Hackweek\\yolov5\\train.py\", line 986, in <module>\n","stderr":true},"type":"standard_output"}
{"payload":{"local_timestamp":1729703980386,"message_id":22,"output":"    ","stderr":true},"type":"standard_output"}
{"payload":{"local_timestamp":1729703980386,"message_id":23,"output":"main(opt)","stderr":true},"type":"standard_output"}
{"payload":{"local_timestamp":1729703980386,"message_id":24,"output":"\n","stderr":true},"type":"standard_output"}
{"payload":{"local_timestamp":1729703980386,"message_id":25,"output":"  File \"C:\\Users\\ericf\\OneDrive\\Documents\\Code\\NGC Hackweek\\yolov5\\train.py\", line 688, in main\n","stderr":true},"type":"standard_output"}
{"payload":{"local_timestamp":1729703980387,"message_id":26,"output":"    ","stderr":true},"type":"standard_output"}
{"payload":{"local_timestamp":1729703980387,"message_id":27,"output":"train(opt.hyp, opt, device, callbacks)","stderr":true},"type":"standard_output"}
{"payload":{"local_timestamp":1729703980387,"message_id":28,"output":"\n","stderr":true},"type":"standard_output"}
{"payload":{"local_timestamp":1729703980387,"message_id":29,"output":"  File \"C:\\Users\\ericf\\OneDrive\\Documents\\Code\\NGC Hackweek\\yolov5\\train.py\", line 180, in train\n","stderr":true},"type":"standard_output"}
{"payload":{"local_timestamp":1729703980387,"message_id":30,"output":"    ","stderr":true},"type":"standard_output"}
{"payload":{"local_timestamp":1729703980387,"message_id":31,"output":"loggers = Loggers(","stderr":true},"type":"standard_output"}
{"payload":{"local_timestamp":1729703980387,"message_id":32,"output":"\n","stderr":true},"type":"standard_output"}
{"payload":{"local_timestamp":1729703980387,"message_id":33,"output":" ","stderr":true},"type":"standard_output"}
{"payload":{"local_timestamp":1729703980387,"message_id":34,"output":" ","stderr":true},"type":"standard_output"}
{"payload":{"local_timestamp":1729703980387,"message_id":35,"output":" ","stderr":true},"type":"standard_output"}
{"payload":{"local_timestamp":1729703980387,"message_id":36,"output":" ","stderr":true},"type":"standard_output"}
{"payload":{"local_timestamp":1729703980387,"message_id":37,"output":" ","stderr":true},"type":"standard_output"}
{"payload":{"local_timestamp":1729703980387,"message_id":38,"output":" ","stderr":true},"type":"standard_output"}
{"payload":{"local_timestamp":1729703980387,"message_id":39,"output":" ","stderr":true},"type":"standard_output"}
{"payload":{"local_timestamp":1729703980387,"message_id":40,"output":" ","stderr":true},"type":"standard_output"}
{"payload":{"local_timestamp":1729703980387,"message_id":41,"output":" ","stderr":true},"type":"standard_output"}
{"payload":{"local_timestamp":1729703980387,"message_id":42,"output":" ","stderr":true},"type":"standard_output"}
{"payload":{"local_timestamp":1729703980387,"message_id":43,"output":" ","stderr":true},"type":"standard_output"}
{"payload":{"local_timestamp":1729703980387,"message_id":44,"output":" ","stderr":true},"type":"standard_output"}
{"payload":{"local_timestamp":1729703980387,"message_id":45,"output":" ","stderr":true},"type":"standard_output"}
{"payload":{"local_timestamp":1729703980387,"message_id":46,"output":" ","stderr":true},"type":"standard_output"}
{"payload":{"local_timestamp":1729703980387,"message_id":47,"output":"^","stderr":true},"type":"standard_output"}
{"payload":{"local_timestamp":1729703980387,"message_id":48,"output":"^","stderr":true},"type":"standard_output"}
{"payload":{"local_timestamp":1729703980387,"message_id":49,"output":"^","stderr":true},"type":"standard_output"}
{"payload":{"local_timestamp":1729703980387,"message_id":50,"output":"^","stderr":true},"type":"standard_output"}
{"payload":{"local_timestamp":1729703980387,"message_id":51,"output":"^","stderr":true},"type":"standard_output"}
{"payload":{"local_timestamp":1729703980387,"message_id":52,"output":"^","stderr":true},"type":"standard_output"}
{"payload":{"local_timestamp":1729703980387,"message_id":53,"output":"^","stderr":true},"type":"standard_output"}
{"payload":{"local_timestamp":1729703980387,"message_id":54,"output":"^","stderr":true},"type":"standard_output"}
{"payload":{"local_timestamp":1729703980387,"message_id":55,"output":"\n","stderr":true},"type":"standard_output"}
{"payload":{"local_timestamp":1729703980387,"message_id":56,"output":"  File \"C:\\Users\\ericf\\OneDrive\\Documents\\Code\\NGC Hackweek\\yolov5\\utils\\loggers\\__init__.py\", line 153, in __init__\n","stderr":true},"type":"standard_output"}
{"payload":{"local_timestamp":1729703980397,"message_id":57,"output":"    ","stderr":true},"type":"standard_output"}
{"payload":{"local_timestamp":1729703980397,"message_id":58,"output":"self.comet_logger = CometLogger(self.opt, self.hyp)","stderr":true},"type":"standard_output"}
{"payload":{"local_timestamp":1729703980397,"message_id":59,"output":"\n","stderr":true},"type":"standard_output"}
{"payload":{"local_timestamp":1729703980397,"message_id":60,"output":" ","stderr":true},"type":"standard_output"}
{"payload":{"local_timestamp":1729703980397,"message_id":61,"output":" ","stderr":true},"type":"standard_output"}
{"payload":{"local_timestamp":1729703980397,"message_id":62,"output":" ","stderr":true},"type":"standard_output"}
{"payload":{"local_timestamp":1729703980397,"message_id":63,"output":" ","stderr":true},"type":"standard_output"}
{"payload":{"local_timestamp":1729703980397,"message_id":64,"output":" ","stderr":true},"type":"standard_output"}
{"payload":{"local_timestamp":1729703980397,"message_id":65,"output":" ","stderr":true},"type":"standard_output"}
{"payload":{"local_timestamp":1729703980397,"message_id":66,"output":" ","stderr":true},"type":"standard_output"}
{"payload":{"local_timestamp":1729703980397,"message_id":67,"output":" ","stderr":true},"type":"standard_output"}
{"payload":{"local_timestamp":1729703980397,"message_id":68,"output":" ","stderr":true},"type":"standard_output"}
{"payload":{"local_timestamp":1729703980397,"message_id":69,"output":" ","stderr":true},"type":"standard_output"}
{"payload":{"local_timestamp":1729703980397,"message_id":70,"output":" ","stderr":true},"type":"standard_output"}
{"payload":{"local_timestamp":1729703980397,"message_id":71,"output":" ","stderr":true},"type":"standard_output"}
{"payload":{"local_timestamp":1729703980397,"message_id":72,"output":" ","stderr":true},"type":"standard_output"}
{"payload":{"local_timestamp":1729703980397,"message_id":73,"output":" ","stderr":true},"type":"standard_output"}
{"payload":{"local_timestamp":1729703980397,"message_id":74,"output":" ","stderr":true},"type":"standard_output"}
{"payload":{"local_timestamp":1729703980397,"message_id":75,"output":" ","stderr":true},"type":"standard_output"}
{"payload":{"local_timestamp":1729703980397,"message_id":76,"output":" ","stderr":true},"type":"standard_output"}
{"payload":{"local_timestamp":1729703980397,"message_id":77,"output":" ","stderr":true},"type":"standard_output"}
{"payload":{"local_timestamp":1729703980397,"message_id":78,"output":" ","stderr":true},"type":"standard_output"}
{"payload":{"local_timestamp":1729703980397,"message_id":79,"output":" ","stderr":true},"type":"standard_output"}
{"payload":{"local_timestamp":1729703980397,"message_id":80,"output":" ","stderr":true},"type":"standard_output"}
{"payload":{"local_timestamp":1729703980397,"message_id":81,"output":" ","stderr":true},"type":"standard_output"}
{"payload":{"local_timestamp":1729703980397,"message_id":82,"output":" ","stderr":true},"type":"standard_output"}
{"payload":{"local_timestamp":1729703980397,"message_id":83,"output":" ","stderr":true},"type":"standard_output"}
{"payload":{"local_timestamp":1729703980397,"message_id":84,"output":"^","stderr":true},"type":"standard_output"}
{"payload":{"local_timestamp":1729703980397,"message_id":85,"output":"^","stderr":true},"type":"standard_output"}
{"payload":{"local_timestamp":1729703980397,"message_id":86,"output":"^","stderr":true},"type":"standard_output"}
{"payload":{"local_timestamp":1729703980397,"message_id":87,"output":"^","stderr":true},"type":"standard_output"}
{"payload":{"local_timestamp":1729703980397,"message_id":88,"output":"^","stderr":true},"type":"standard_output"}
{"payload":{"local_timestamp":1729703980397,"message_id":89,"output":"^","stderr":true},"type":"standard_output"}
{"payload":{"local_timestamp":1729703980397,"message_id":90,"output":"^","stderr":true},"type":"standard_output"}
{"payload":{"local_timestamp":1729703980397,"message_id":91,"output":"^","stderr":true},"type":"standard_output"}
{"payload":{"local_timestamp":1729703980397,"message_id":92,"output":"^","stderr":true},"type":"standard_output"}
{"payload":{"local_timestamp":1729703980397,"message_id":93,"output":"^","stderr":true},"type":"standard_output"}
{"payload":{"local_timestamp":1729703980397,"message_id":94,"output":"^","stderr":true},"type":"standard_output"}
{"payload":{"local_timestamp":1729703980397,"message_id":95,"output":"^","stderr":true},"type":"standard_output"}
{"payload":{"local_timestamp":1729703980397,"message_id":96,"output":"^","stderr":true},"type":"standard_output"}
{"payload":{"local_timestamp":1729703980397,"message_id":97,"output":"^","stderr":true},"type":"standard_output"}
{"payload":{"local_timestamp":1729703980397,"message_id":98,"output":"^","stderr":true},"type":"standard_output"}
{"payload":{"local_timestamp":1729703980397,"message_id":99,"output":"^","stderr":true},"type":"standard_output"}
{"payload":{"local_timestamp":1729703980397,"message_id":100,"output":"^","stderr":true},"type":"standard_output"}
{"payload":{"local_timestamp":1729703980397,"message_id":101,"output":"^","stderr":true},"type":"standard_output"}
{"payload":{"local_timestamp":1729703980397,"message_id":102,"output":"^","stderr":true},"type":"standard_output"}
{"payload":{"local_timestamp":1729703980397,"message_id":103,"output":"^","stderr":true},"type":"standard_output"}
{"payload":{"local_timestamp":1729703980397,"message_id":104,"output":"^","stderr":true},"type":"standard_output"}
{"payload":{"local_timestamp":1729703980397,"message_id":105,"output":"^","stderr":true},"type":"standard_output"}
{"payload":{"local_timestamp":1729703980397,"message_id":106,"output":"^","stderr":true},"type":"standard_output"}
{"payload":{"local_timestamp":1729703980397,"message_id":107,"output":"^","stderr":true},"type":"standard_output"}
{"payload":{"local_timestamp":1729703980397,"message_id":108,"output":"^","stderr":true},"type":"standard_output"}
{"payload":{"local_timestamp":1729703980397,"message_id":109,"output":"^","stderr":true},"type":"standard_output"}
{"payload":{"local_timestamp":1729703980397,"message_id":110,"output":"^","stderr":true},"type":"standard_output"}
{"payload":{"local_timestamp":1729703980397,"message_id":111,"output":"^","stderr":true},"type":"standard_output"}
{"payload":{"local_timestamp":1729703980397,"message_id":112,"output":"^","stderr":true},"type":"standard_output"}
{"payload":{"local_timestamp":1729703980397,"message_id":113,"output":"^","stderr":true},"type":"standard_output"}
{"payload":{"local_timestamp":1729703980397,"message_id":114,"output":"^","stderr":true},"type":"standard_output"}
{"payload":{"local_timestamp":1729703980397,"message_id":115,"output":"\n","stderr":true},"type":"standard_output"}
{"payload":{"local_timestamp":1729703980397,"message_id":116,"output":"  File \"C:\\Users\\ericf\\OneDrive\\Documents\\Code\\NGC Hackweek\\yolov5\\utils\\loggers\\comet\\__init__.py\", line 102, in __init__\n","stderr":true},"type":"standard_output"}
{"payload":{"local_timestamp":1729703980408,"message_id":117,"output":"    ","stderr":true},"type":"standard_output"}
{"payload":{"local_timestamp":1729703980408,"message_id":118,"output":"self.data_dict = self.check_dataset(self.opt.data)","stderr":true},"type":"standard_output"}
{"payload":{"local_timestamp":1729703980408,"message_id":119,"output":"\n","stderr":true},"type":"standard_output"}
{"payload":{"local_timestamp":1729703980408,"message_id":120,"output":" ","stderr":true},"type":"standard_output"}
{"payload":{"local_timestamp":1729703980408,"message_id":121,"output":" ","stderr":true},"type":"standard_output"}
{"payload":{"local_timestamp":1729703980408,"message_id":122,"output":" ","stderr":true},"type":"standard_output"}
{"payload":{"local_timestamp":1729703980408,"message_id":123,"output":" ","stderr":true},"type":"standard_output"}
{"payload":{"local_timestamp":1729703980408,"message_id":124,"output":" ","stderr":true},"type":"standard_output"}
{"payload":{"local_timestamp":1729703980408,"message_id":125,"output":" ","stderr":true},"type":"standard_output"}
{"payload":{"local_timestamp":1729703980408,"message_id":126,"output":" ","stderr":true},"type":"standard_output"}
{"payload":{"local_timestamp":1729703980408,"message_id":127,"output":" ","stderr":true},"type":"standard_output"}
{"payload":{"local_timestamp":1729703980408,"message_id":128,"output":" ","stderr":true},"type":"standard_output"}
{"payload":{"local_timestamp":1729703980408,"message_id":129,"output":" ","stderr":true},"type":"standard_output"}
{"payload":{"local_timestamp":1729703980408,"message_id":130,"output":" ","stderr":true},"type":"standard_output"}
{"payload":{"local_timestamp":1729703980408,"message_id":131,"output":" ","stderr":true},"type":"standard_output"}
{"payload":{"local_timestamp":1729703980408,"message_id":132,"output":" ","stderr":true},"type":"standard_output"}
{"payload":{"local_timestamp":1729703980408,"message_id":133,"output":" ","stderr":true},"type":"standard_output"}
{"payload":{"local_timestamp":1729703980408,"message_id":134,"output":" ","stderr":true},"type":"standard_output"}
{"payload":{"local_timestamp":1729703980408,"message_id":135,"output":" ","stderr":true},"type":"standard_output"}
{"payload":{"local_timestamp":1729703980408,"message_id":136,"output":" ","stderr":true},"type":"standard_output"}
{"payload":{"local_timestamp":1729703980408,"message_id":137,"output":" ","stderr":true},"type":"standard_output"}
{"payload":{"local_timestamp":1729703980408,"message_id":138,"output":" ","stderr":true},"type":"standard_output"}
{"payload":{"local_timestamp":1729703980408,"message_id":139,"output":" ","stderr":true},"type":"standard_output"}
{"payload":{"local_timestamp":1729703980408,"message_id":140,"output":" ","stderr":true},"type":"standard_output"}
{"payload":{"local_timestamp":1729703980408,"message_id":141,"output":"^","stderr":true},"type":"standard_output"}
{"payload":{"local_timestamp":1729703980408,"message_id":142,"output":"^","stderr":true},"type":"standard_output"}
{"payload":{"local_timestamp":1729703980408,"message_id":143,"output":"^","stderr":true},"type":"standard_output"}
{"payload":{"local_timestamp":1729703980408,"message_id":144,"output":"^","stderr":true},"type":"standard_output"}
{"payload":{"local_timestamp":1729703980408,"message_id":145,"output":"^","stderr":true},"type":"standard_output"}
{"payload":{"local_timestamp":1729703980408,"message_id":146,"output":"^","stderr":true},"type":"standard_output"}
{"payload":{"local_timestamp":1729703980408,"message_id":147,"output":"^","stderr":true},"type":"standard_output"}
{"payload":{"local_timestamp":1729703980408,"message_id":148,"output":"^","stderr":true},"type":"standard_output"}
{"payload":{"local_timestamp":1729703980408,"message_id":149,"output":"^","stderr":true},"type":"standard_output"}
{"payload":{"local_timestamp":1729703980408,"message_id":150,"output":"^","stderr":true},"type":"standard_output"}
{"payload":{"local_timestamp":1729703980408,"message_id":151,"output":"^","stderr":true},"type":"standard_output"}
{"payload":{"local_timestamp":1729703980408,"message_id":152,"output":"^","stderr":true},"type":"standard_output"}
{"payload":{"local_timestamp":1729703980408,"message_id":153,"output":"^","stderr":true},"type":"standard_output"}
{"payload":{"local_timestamp":1729703980408,"message_id":154,"output":"^","stderr":true},"type":"standard_output"}
{"payload":{"local_timestamp":1729703980408,"message_id":155,"output":"^","stderr":true},"type":"standard_output"}
{"payload":{"local_timestamp":1729703980408,"message_id":156,"output":"^","stderr":true},"type":"standard_output"}
{"payload":{"local_timestamp":1729703980408,"message_id":157,"output":"^","stderr":true},"type":"standard_output"}
{"payload":{"local_timestamp":1729703980408,"message_id":158,"output":"^","stderr":true},"type":"standard_output"}
{"payload":{"local_timestamp":1729703980408,"message_id":159,"output":"^","stderr":true},"type":"standard_output"}
{"payload":{"local_timestamp":1729703980408,"message_id":160,"output":"^","stderr":true},"type":"standard_output"}
{"payload":{"local_timestamp":1729703980408,"message_id":161,"output":"^","stderr":true},"type":"standard_output"}
{"payload":{"local_timestamp":1729703980408,"message_id":162,"output":"^","stderr":true},"type":"standard_output"}
{"payload":{"local_timestamp":1729703980408,"message_id":163,"output":"^","stderr":true},"type":"standard_output"}
{"payload":{"local_timestamp":1729703980408,"message_id":164,"output":"^","stderr":true},"type":"standard_output"}
{"payload":{"local_timestamp":1729703980408,"message_id":165,"output":"^","stderr":true},"type":"standard_output"}
{"payload":{"local_timestamp":1729703980408,"message_id":166,"output":"^","stderr":true},"type":"standard_output"}
{"payload":{"local_timestamp":1729703980408,"message_id":167,"output":"^","stderr":true},"type":"standard_output"}
{"payload":{"local_timestamp":1729703980408,"message_id":168,"output":"^","stderr":true},"type":"standard_output"}
{"payload":{"local_timestamp":1729703980408,"message_id":169,"output":"^","stderr":true},"type":"standard_output"}
{"payload":{"local_timestamp":1729703980408,"message_id":170,"output":"^","stderr":true},"type":"standard_output"}
{"payload":{"local_timestamp":1729703980408,"message_id":171,"output":"^","stderr":true},"type":"standard_output"}
{"payload":{"local_timestamp":1729703980408,"message_id":172,"output":"^","stderr":true},"type":"standard_output"}
{"payload":{"local_timestamp":1729703980408,"message_id":173,"output":"^","stderr":true},"type":"standard_output"}
{"payload":{"local_timestamp":1729703980409,"message_id":174,"output":"\n","stderr":true},"type":"standard_output"}
{"payload":{"local_timestamp":1729703980409,"message_id":175,"output":"  File \"C:\\Users\\ericf\\OneDrive\\Documents\\Code\\NGC Hackweek\\yolov5\\utils\\loggers\\comet\\__init__.py\", line 260, in check_dataset\n","stderr":true},"type":"standard_output"}
{"payload":{"local_timestamp":1729703980409,"message_id":176,"output":"    ","stderr":true},"type":"standard_output"}
{"payload":{"local_timestamp":1729703980409,"message_id":177,"output":"return check_dataset(data_file)","stderr":true},"type":"standard_output"}
{"payload":{"local_timestamp":1729703980409,"message_id":178,"output":"\n","stderr":true},"type":"standard_output"}
{"payload":{"local_timestamp":1729703980409,"message_id":179,"output":" ","stderr":true},"type":"standard_output"}
{"payload":{"local_timestamp":1729703980409,"message_id":180,"output":" ","stderr":true},"type":"standard_output"}
{"payload":{"local_timestamp":1729703980409,"message_id":181,"output":" ","stderr":true},"type":"standard_output"}
{"payload":{"local_timestamp":1729703980409,"message_id":182,"output":" ","stderr":true},"type":"standard_output"}
{"payload":{"local_timestamp":1729703980409,"message_id":183,"output":" ","stderr":true},"type":"standard_output"}
{"payload":{"local_timestamp":1729703980409,"message_id":184,"output":" ","stderr":true},"type":"standard_output"}
{"payload":{"local_timestamp":1729703980409,"message_id":185,"output":" ","stderr":true},"type":"standard_output"}
{"payload":{"local_timestamp":1729703980409,"message_id":186,"output":" ","stderr":true},"type":"standard_output"}
{"payload":{"local_timestamp":1729703980409,"message_id":187,"output":" ","stderr":true},"type":"standard_output"}
{"payload":{"local_timestamp":1729703980409,"message_id":188,"output":" ","stderr":true},"type":"standard_output"}
{"payload":{"local_timestamp":1729703980409,"message_id":189,"output":" ","stderr":true},"type":"standard_output"}
{"payload":{"local_timestamp":1729703980409,"message_id":190,"output":"^","stderr":true},"type":"standard_output"}
{"payload":{"local_timestamp":1729703980409,"message_id":191,"output":"^","stderr":true},"type":"standard_output"}
{"payload":{"local_timestamp":1729703980409,"message_id":192,"output":"^","stderr":true},"type":"standard_output"}
{"payload":{"local_timestamp":1729703980409,"message_id":193,"output":"^","stderr":true},"type":"standard_output"}
{"payload":{"local_timestamp":1729703980409,"message_id":194,"output":"^","stderr":true},"type":"standard_output"}
{"payload":{"local_timestamp":1729703980409,"message_id":195,"output":"^","stderr":true},"type":"standard_output"}
{"payload":{"local_timestamp":1729703980409,"message_id":196,"output":"^","stderr":true},"type":"standard_output"}
{"payload":{"local_timestamp":1729703980409,"message_id":197,"output":"^","stderr":true},"type":"standard_output"}
{"payload":{"local_timestamp":1729703980409,"message_id":198,"output":"^","stderr":true},"type":"standard_output"}
{"payload":{"local_timestamp":1729703980409,"message_id":199,"output":"^","stderr":true},"type":"standard_output"}
{"payload":{"local_timestamp":1729703980409,"message_id":200,"output":"^","stderr":true},"type":"standard_output"}
{"payload":{"local_timestamp":1729703980409,"message_id":201,"output":"^","stderr":true},"type":"standard_output"}
{"payload":{"local_timestamp":1729703980409,"message_id":202,"output":"^","stderr":true},"type":"standard_output"}
{"payload":{"local_timestamp":1729703980409,"message_id":203,"output":"^","stderr":true},"type":"standard_output"}
{"payload":{"local_timestamp":1729703980409,"message_id":204,"output":"^","stderr":true},"type":"standard_output"}
{"payload":{"local_timestamp":1729703980409,"message_id":205,"output":"^","stderr":true},"type":"standard_output"}
{"payload":{"local_timestamp":1729703980409,"message_id":206,"output":"^","stderr":true},"type":"standard_output"}
{"payload":{"local_timestamp":1729703980409,"message_id":207,"output":"^","stderr":true},"type":"standard_output"}
{"payload":{"local_timestamp":1729703980409,"message_id":208,"output":"^","stderr":true},"type":"standard_output"}
{"payload":{"local_timestamp":1729703980409,"message_id":209,"output":"^","stderr":true},"type":"standard_output"}
{"payload":{"local_timestamp":1729703980409,"message_id":210,"output":"^","stderr":true},"type":"standard_output"}
{"payload":{"local_timestamp":1729703980409,"message_id":211,"output":"^","stderr":true},"type":"standard_output"}
{"payload":{"local_timestamp":1729703980409,"message_id":212,"output":"^","stderr":true},"type":"standard_output"}
{"payload":{"local_timestamp":1729703980409,"message_id":213,"output":"^","stderr":true},"type":"standard_output"}
{"payload":{"local_timestamp":1729703980410,"message_id":214,"output":"\n","stderr":true},"type":"standard_output"}
{"payload":{"local_timestamp":1729703980410,"message_id":215,"output":"  File \"C:\\Users\\ericf\\OneDrive\\Documents\\Code\\NGC Hackweek\\yolov5\\utils\\general.py\", line 565, in check_dataset\n","stderr":true},"type":"standard_output"}
{"payload":{"local_timestamp":1729703980411,"message_id":216,"output":"    ","stderr":true},"type":"standard_output"}
{"payload":{"local_timestamp":1729703980411,"message_id":217,"output":"raise Exception(\"Dataset not found \u274c\")","stderr":true},"type":"standard_output"}
{"payload":{"local_timestamp":1729703980411,"message_id":218,"output":"\n","stderr":true},"type":"standard_output"}
{"payload":{"local_timestamp":1729703980411,"message_id":219,"output":"Exception","stderr":true},"type":"standard_output"}
{"payload":{"local_timestamp":1729703980411,"message_id":220,"output":": ","stderr":true},"type":"standard_output"}
{"payload":{"local_timestamp":1729703980411,"message_id":221,"output":"Dataset not found \u274c","stderr":true},"type":"standard_output"}
{"payload":{"local_timestamp":1729703980411,"message_id":222,"output":"\n","stderr":true},"type":"standard_output"}
{"payload":{"local_timestamp":1729703980412,"message_id":223,"output":"\u001b[1;38;5;39mCOMET INFO:\u001b[0m The process of logging environment details (conda environment, git patch) is underway. Please be patient as this may take some time.\n","stderr":true},"type":"standard_output"}
{"payload":{"local_timestamp":1729703980630,"message_id":224,"metric":{"epoch":null,"metricName":"sys.cpu.percent.avg","metricValue":0.0,"step":null}},"type":"metric_msg"}
{"payload":{"local_timestamp":1729703980630,"message_id":225,"metric":{"epoch":null,"metricName":"sys.ram.total","metricValue":17068150784,"step":null}},"type":"metric_msg"}
{"payload":{"local_timestamp":1729703980630,"message_id":226,"metric":{"epoch":null,"metricName":"sys.ram.used","metricValue":9553305600,"step":null}},"type":"metric_msg"}
{"payload":{"local_timestamp":1729703980630,"message_id":227,"metric":{"epoch":null,"metricName":"sys.ram.available","metricValue":7514845184,"step":null}},"type":"metric_msg"}
{"payload":{"local_timestamp":1729703980630,"message_id":228,"metric":{"epoch":null,"metricName":"sys.ram.percent.used","metricValue":56.0,"step":null}},"type":"metric_msg"}
{"payload":{"local_timestamp":1729703980630,"message_id":229,"metric":{"epoch":null,"metricName":"sys.load.avg","metricValue":0.0,"step":null}},"type":"metric_msg"}
{"payload":{"local_timestamp":1729703980642,"message_id":230,"output":"\u001b[1;38;5;39mCOMET INFO:\u001b[0m Couldn't find a Git repository in 'C:\\\\Users\\\\ericf\\\\OneDrive\\\\Documents\\\\Code\\\\NGC Hackweek' nor in any parent directory. Set `COMET_GIT_DIRECTORY` if your Git Repository is elsewhere.\n","stderr":true},"type":"standard_output"}
{"payload":{"local_timestamp":1729703980643,"message_id":231,"output":"\u001b[1;38;5;39mCOMET INFO:\u001b[0m ---------------------------------------------------------------------------------------\n","stderr":true},"type":"standard_output"}
{"payload":{"local_timestamp":1729703980643,"message_id":232,"output":"\u001b[1;38;5;39mCOMET INFO:\u001b[0m Comet.ml OfflineExperiment Summary\n","stderr":true},"type":"standard_output"}
{"payload":{"local_timestamp":1729703980643,"message_id":233,"output":"\u001b[1;38;5;39mCOMET INFO:\u001b[0m ---------------------------------------------------------------------------------------\n","stderr":true},"type":"standard_output"}
{"payload":{"local_timestamp":1729703980644,"message_id":234,"output":"\u001b[1;38;5;39mCOMET INFO:\u001b[0m   Data:\n","stderr":true},"type":"standard_output"}
{"payload":{"local_timestamp":1729703980644,"message_id":235,"output":"\u001b[1;38;5;39mCOMET INFO:\u001b[0m     display_summary_level : 1\n","stderr":true},"type":"standard_output"}
{"payload":{"local_timestamp":1729703980644,"message_id":236,"output":"\u001b[1;38;5;39mCOMET INFO:\u001b[0m     name                  : exp\n","stderr":true},"type":"standard_output"}
{"payload":{"local_timestamp":1729703980644,"message_id":237,"output":"\u001b[1;38;5;39mCOMET INFO:\u001b[0m     url                   : [OfflineExperiment will get URL after upload]\n","stderr":true},"type":"standard_output"}
{"payload":{"local_timestamp":1729703980645,"message_id":238,"output":"\u001b[1;38;5;39mCOMET INFO:\u001b[0m   Others:\n","stderr":true},"type":"standard_output"}
{"payload":{"local_timestamp":1729703980645,"message_id":239,"output":"\u001b[1;38;5;39mCOMET INFO:\u001b[0m     Name               : exp\n","stderr":true},"type":"standard_output"}
{"payload":{"local_timestamp":1729703980645,"message_id":240,"output":"\u001b[1;38;5;39mCOMET INFO:\u001b[0m     offline_experiment : True\n","stderr":true},"type":"standard_output"}
{"payload":{"local_timestamp":1729703980645,"message_id":241,"output":"\u001b[1;38;5;39mCOMET INFO:\u001b[0m   Uploads:\n","stderr":true},"type":"standard_output"}
{"payload":{"local_timestamp":1729703980645,"message_id":242,"output":"\u001b[1;38;5;39mCOMET INFO:\u001b[0m     asset               : 1 (537 bytes)\n","stderr":true},"type":"standard_output"}
{"payload":{"local_timestamp":1729703980646,"message_id":243,"output":"\u001b[1;38;5;39mCOMET INFO:\u001b[0m     environment details : 1\n","stderr":true},"type":"standard_output"}
{"payload":{"local_timestamp":1729703980646,"message_id":244,"output":"\u001b[1;38;5;39mCOMET INFO:\u001b[0m     installed packages  : 1\n","stderr":true},"type":"standard_output"}
{"payload":{"local_timestamp":1729703980646,"message_id":245,"output":"\u001b[1;38;5;39mCOMET INFO:\u001b[0m \n","stderr":true},"type":"standard_output"}
