{"payload":{"installed_packages":["attrs==24.2.0","autocommand==2.2.2","backports.tarfile==1.2.0","certifi==2024.8.30","charset-normalizer==3.4.0","colorama==0.4.6","comet-ml==3.47.1","configobj==5.0.9","contourpy==1.3.0","cycler==0.12.1","dulwich==0.22.3","everett==3.1.0","filelock==3.16.1","filetype==1.2.0","fonttools==4.54.1","fsspec==2024.10.0","gitdb==4.0.11","gitpython==3.1.43","idna==3.10","idna==3.7","importlib_metadata==8.0.0","importlib_resources==6.4.0","inflect==7.3.1","jaraco.collections==5.1.0","jaraco.context==5.3.0","jaraco.functools==4.0.1","jaraco.text==3.12.1","jinja2==3.1.4","jsonschema==4.23.0","jsonschema-specifications==2024.10.1","kiwisolver==1.4.7","markdown-it-py==3.0.0","markupsafe==3.0.2","matplotlib==3.9.2","mdurl==0.1.2","more-itertools==10.3.0","mpmath==1.3.0","networkx==3.4.2","numpy==2.1.2","opencv-python==4.10.0.84","opencv-python-headless==4.10.0.84","packaging==24.1","packaging==24.1","pandas==2.2.3","pillow==11.0.0","pip==24.2","platformdirs==4.2.2","psutil==6.1.0","py-cpuinfo==9.0.0","pygments==2.18.0","pyparsing==3.2.0","python-box==6.1.0","python-dateutil==2.9.0.post0","python-dotenv==1.0.1","pytz==2024.2","pyyaml==6.0.2","referencing==0.35.1","requests==2.32.3","requests-toolbelt==1.0.0","rich==13.9.3","roboflow==1.1.48","rpds-py==0.20.0","scipy==1.14.1","seaborn==0.13.2","semantic-version==2.10.0","sentry-sdk==2.17.0","setuptools==75.2.0","simplejson==3.19.3","six==1.16.0","smmap==5.0.1","sympy==1.13.1","thop==0.1.1-2209072238","tomli==2.0.1","torch==2.5.0+cu118","torchaudio==2.5.0+cu118","torchvision==0.20.0+cu118","tqdm==4.66.5","typeguard==4.3.0","typing_extensions==4.12.2","typing_extensions==4.12.2","tzdata==2024.2","ultralytics==8.3.20","ultralytics-thop==2.0.9","urllib3==2.2.3","wheel==0.43.0","wrapt==1.16.0","wurlitzer==3.1.1","zipp==3.19.2"],"message_id":1},"type":"installed_packages"}
{"payload":{"command":["yolov5/train.py","--img","640","--epochs","3","--data","yolov5/office-2/data.yaml","--weights","yolov5/yolov5s.pt","--device","0"],"env":null,"hostname":"EricMini","ip":"172.16.79.169","machine":"AMD64","message_id":2,"os":"Windows-11-10.0.22631-SP0","os_release":"11","os_type":"Windows","pid":22544,"processor":"AMD64 Family 25 Model 80 Stepping 0, AuthenticAMD","python_exe":"C:\\Users\\ericf\\AppData\\Local\\Programs\\Python\\Python312\\python.exe","python_version":"3.12.5","python_version_verbose":"3.12.5 (tags/v3.12.5:ff3bc82, Aug  6 2024, 20:45:27) [MSC v.1940 64 bit (AMD64)]","user":"ericf"},"type":"system_details"}
{"payload":{"gpu_static_info":[{"gpu_index":0,"name":"NVIDIA GeForce RTX 3050","power_limit":115000,"total_memory":8589934592,"uuid":"GPU-371b3d6d-a96f-dd63-9ef3-3fd83741c933"}],"message_id":3},"type":"gpu_static_info"}
{"payload":{"local_timestamp":1729704570745,"message_id":4,"metric":{"epoch":null,"metricName":"sys.gpu.0.total_memory","metricValue":8589934592,"step":null}},"type":"metric_msg"}
{"payload":{"local_timestamp":1729704570746,"message_id":5,"param":{"paramName":"img","paramValue":640,"source":"cli","step":null}},"type":"parameter_msg"}
{"payload":{"local_timestamp":1729704570746,"message_id":6,"param":{"paramName":"epochs","paramValue":3,"source":"cli","step":null}},"type":"parameter_msg"}
{"payload":{"local_timestamp":1729704570746,"message_id":7,"param":{"paramName":"data","paramValue":"yolov5/office-2/data.yaml","source":"cli","step":null}},"type":"parameter_msg"}
{"payload":{"local_timestamp":1729704570746,"message_id":8,"param":{"paramName":"weights","paramValue":"yolov5/yolov5s.pt","source":"cli","step":null}},"type":"parameter_msg"}
{"payload":{"local_timestamp":1729704570746,"message_id":9,"param":{"paramName":"device","paramValue":0,"source":"cli","step":null}},"type":"parameter_msg"}
{"payload":{"key":"offline_experiment","message_id":10,"value":true},"type":"log_other"}
{"payload":{"key":"Name","message_id":11,"value":"exp"},"type":"log_other"}
{"payload":{"additional_params":{"assetId":"335ad213f4e14c10a3482aad9658dbf6","context":null,"extension":"yaml","fileName":"data.yaml","overwrite":false,"runId":null,"step":null},"clean":true,"file_path":"tmpvjnpi80s","local_timestamp":1729704570751,"message_id":12,"metadata":{"type":"data-config-file"},"upload_type":"asset"},"type":"file_upload"}
{"payload":{"local_timestamp":1729704570755,"message_id":13,"metric":{"epoch":null,"metricName":"sys.gpu.0.gpu_utilization","metricValue":25,"step":null}},"type":"metric_msg"}
{"payload":{"local_timestamp":1729704570755,"message_id":14,"metric":{"epoch":null,"metricName":"sys.gpu.0.temperature","metricValue":41,"step":null}},"type":"metric_msg"}
{"payload":{"local_timestamp":1729704570755,"message_id":15,"metric":{"epoch":null,"metricName":"sys.gpu.0.memory_utilization","metricValue":22,"step":null}},"type":"metric_msg"}
{"payload":{"local_timestamp":1729704570755,"message_id":16,"metric":{"epoch":null,"metricName":"sys.gpu.0.free_memory","metricValue":7266144256,"step":null}},"type":"metric_msg"}
{"payload":{"local_timestamp":1729704570755,"message_id":17,"metric":{"epoch":null,"metricName":"sys.gpu.0.used_memory","metricValue":1323790336,"step":null}},"type":"metric_msg"}
{"payload":{"local_timestamp":1729704570755,"message_id":18,"metric":{"epoch":null,"metricName":"sys.gpu.0.percent.used_memory","metricValue":15.410947799682617,"step":null}},"type":"metric_msg"}
{"payload":{"key":"Created from","message_id":19,"value":"YOLOv5"},"type":"log_other"}
{"payload":{"key":"hasNestedParams","message_id":20,"value":true},"type":"log_other"}
{"payload":{"local_timestamp":1729704570759,"message_id":21,"param":{"paramName":"artifact_alias","paramValue":"latest","source":"manual","step":null}},"type":"parameter_msg"}
{"payload":{"local_timestamp":1729704570759,"message_id":22,"param":{"paramName":"batch_size","paramValue":16,"source":"manual","step":null}},"type":"parameter_msg"}
{"payload":{"local_timestamp":1729704570759,"message_id":23,"param":{"paramName":"bbox_interval","paramValue":-1,"source":"manual","step":null}},"type":"parameter_msg"}
{"payload":{"local_timestamp":1729704570759,"message_id":24,"param":{"paramName":"bucket","paramValue":"","source":"manual","step":null}},"type":"parameter_msg"}
{"payload":{"local_timestamp":1729704570759,"message_id":25,"param":{"paramName":"cache","paramValue":null,"source":"manual","step":null}},"type":"parameter_msg"}
{"payload":{"local_timestamp":1729704570759,"message_id":26,"param":{"paramName":"cfg","paramValue":"","source":"manual","step":null}},"type":"parameter_msg"}
{"payload":{"local_timestamp":1729704570759,"message_id":27,"param":{"paramName":"cos_lr","paramValue":false,"source":"manual","step":null}},"type":"parameter_msg"}
{"payload":{"local_timestamp":1729704570759,"message_id":28,"param":{"paramName":"device","paramValue":"0","source":"manual","step":null}},"type":"parameter_msg"}
{"payload":{"local_timestamp":1729704570759,"message_id":29,"param":{"paramName":"entity","paramValue":null,"source":"manual","step":null}},"type":"parameter_msg"}
{"payload":{"local_timestamp":1729704570759,"message_id":30,"param":{"paramName":"evolve","paramValue":null,"source":"manual","step":null}},"type":"parameter_msg"}
{"payload":{"local_timestamp":1729704570759,"message_id":31,"param":{"paramName":"evolve_population","paramValue":"yolov5\\data\\hyps","source":"manual","step":null}},"type":"parameter_msg"}
{"payload":{"local_timestamp":1729704570759,"message_id":32,"param":{"paramName":"exist_ok","paramValue":false,"source":"manual","step":null}},"type":"parameter_msg"}
{"payload":{"local_timestamp":1729704570759,"message_id":33,"params":{"paramName":"freeze","paramValue":[0],"source":"manual","step":null}},"type":"parameter_msg"}
{"payload":{"local_timestamp":1729704570759,"message_id":34,"param":{"paramName":"hyp|anchor_t","paramValue":4.0,"source":"manual","step":null}},"type":"parameter_msg"}
{"payload":{"local_timestamp":1729704570759,"message_id":35,"param":{"paramName":"hyp|box","paramValue":0.05,"source":"manual","step":null}},"type":"parameter_msg"}
{"payload":{"local_timestamp":1729704570759,"message_id":36,"param":{"paramName":"hyp|cls","paramValue":0.5,"source":"manual","step":null}},"type":"parameter_msg"}
{"payload":{"local_timestamp":1729704570759,"message_id":37,"param":{"paramName":"hyp|cls_pw","paramValue":1.0,"source":"manual","step":null}},"type":"parameter_msg"}
{"payload":{"local_timestamp":1729704570759,"message_id":38,"param":{"paramName":"hyp|copy_paste","paramValue":0.0,"source":"manual","step":null}},"type":"parameter_msg"}
{"payload":{"local_timestamp":1729704570759,"message_id":39,"param":{"paramName":"hyp|degrees","paramValue":0.0,"source":"manual","step":null}},"type":"parameter_msg"}
{"payload":{"local_timestamp":1729704570759,"message_id":40,"param":{"paramName":"hyp|fl_gamma","paramValue":0.0,"source":"manual","step":null}},"type":"parameter_msg"}
{"payload":{"local_timestamp":1729704570759,"message_id":41,"param":{"paramName":"hyp|fliplr","paramValue":0.5,"source":"manual","step":null}},"type":"parameter_msg"}
{"payload":{"local_timestamp":1729704570759,"message_id":42,"param":{"paramName":"hyp|flipud","paramValue":0.0,"source":"manual","step":null}},"type":"parameter_msg"}
{"payload":{"local_timestamp":1729704570759,"message_id":43,"param":{"paramName":"hyp|hsv_h","paramValue":0.015,"source":"manual","step":null}},"type":"parameter_msg"}
{"payload":{"local_timestamp":1729704570759,"message_id":44,"param":{"paramName":"hyp|hsv_s","paramValue":0.7,"source":"manual","step":null}},"type":"parameter_msg"}
{"payload":{"local_timestamp":1729704570759,"message_id":45,"param":{"paramName":"hyp|hsv_v","paramValue":0.4,"source":"manual","step":null}},"type":"parameter_msg"}
{"payload":{"local_timestamp":1729704570759,"message_id":46,"param":{"paramName":"hyp|iou_t","paramValue":0.2,"source":"manual","step":null}},"type":"parameter_msg"}
{"payload":{"local_timestamp":1729704570759,"message_id":47,"param":{"paramName":"hyp|lr0","paramValue":0.01,"source":"manual","step":null}},"type":"parameter_msg"}
{"payload":{"local_timestamp":1729704570759,"message_id":48,"param":{"paramName":"hyp|lrf","paramValue":0.01,"source":"manual","step":null}},"type":"parameter_msg"}
{"payload":{"local_timestamp":1729704570759,"message_id":49,"param":{"paramName":"hyp|mixup","paramValue":0.0,"source":"manual","step":null}},"type":"parameter_msg"}
{"payload":{"local_timestamp":1729704570759,"message_id":50,"param":{"paramName":"hyp|momentum","paramValue":0.937,"source":"manual","step":null}},"type":"parameter_msg"}
{"payload":{"local_timestamp":1729704570759,"message_id":51,"param":{"paramName":"hyp|mosaic","paramValue":1.0,"source":"manual","step":null}},"type":"parameter_msg"}
{"payload":{"local_timestamp":1729704570759,"message_id":52,"param":{"paramName":"hyp|obj","paramValue":1.0,"source":"manual","step":null}},"type":"parameter_msg"}
{"payload":{"local_timestamp":1729704570759,"message_id":53,"param":{"paramName":"hyp|obj_pw","paramValue":1.0,"source":"manual","step":null}},"type":"parameter_msg"}
{"payload":{"local_timestamp":1729704570759,"message_id":54,"param":{"paramName":"hyp|perspective","paramValue":0.0,"source":"manual","step":null}},"type":"parameter_msg"}
{"payload":{"local_timestamp":1729704570759,"message_id":55,"param":{"paramName":"hyp|scale","paramValue":0.5,"source":"manual","step":null}},"type":"parameter_msg"}
{"payload":{"local_timestamp":1729704570759,"message_id":56,"param":{"paramName":"hyp|shear","paramValue":0.0,"source":"manual","step":null}},"type":"parameter_msg"}
{"payload":{"local_timestamp":1729704570759,"message_id":57,"param":{"paramName":"hyp|translate","paramValue":0.1,"source":"manual","step":null}},"type":"parameter_msg"}
{"payload":{"local_timestamp":1729704570759,"message_id":58,"param":{"paramName":"hyp|warmup_bias_lr","paramValue":0.1,"source":"manual","step":null}},"type":"parameter_msg"}
{"payload":{"local_timestamp":1729704570759,"message_id":59,"param":{"paramName":"hyp|warmup_epochs","paramValue":3.0,"source":"manual","step":null}},"type":"parameter_msg"}
{"payload":{"local_timestamp":1729704570759,"message_id":60,"param":{"paramName":"hyp|warmup_momentum","paramValue":0.8,"source":"manual","step":null}},"type":"parameter_msg"}
{"payload":{"local_timestamp":1729704570759,"message_id":61,"param":{"paramName":"hyp|weight_decay","paramValue":0.0005,"source":"manual","step":null}},"type":"parameter_msg"}
{"payload":{"local_timestamp":1729704570759,"message_id":62,"param":{"paramName":"image_weights","paramValue":false,"source":"manual","step":null}},"type":"parameter_msg"}
{"payload":{"local_timestamp":1729704570759,"message_id":63,"param":{"paramName":"imgsz","paramValue":640,"source":"manual","step":null}},"type":"parameter_msg"}
{"payload":{"local_timestamp":1729704570759,"message_id":64,"param":{"paramName":"label_smoothing","paramValue":0.0,"source":"manual","step":null}},"type":"parameter_msg"}
{"payload":{"local_timestamp":1729704570760,"message_id":65,"param":{"paramName":"local_rank","paramValue":-1,"source":"manual","step":null}},"type":"parameter_msg"}
{"payload":{"local_timestamp":1729704570760,"message_id":66,"param":{"paramName":"multi_scale","paramValue":false,"source":"manual","step":null}},"type":"parameter_msg"}
{"payload":{"local_timestamp":1729704570760,"message_id":67,"param":{"paramName":"name","paramValue":"exp","source":"manual","step":null}},"type":"parameter_msg"}
{"payload":{"local_timestamp":1729704570760,"message_id":68,"param":{"paramName":"ndjson_console","paramValue":false,"source":"manual","step":null}},"type":"parameter_msg"}
{"payload":{"local_timestamp":1729704570760,"message_id":69,"param":{"paramName":"ndjson_file","paramValue":false,"source":"manual","step":null}},"type":"parameter_msg"}
{"payload":{"local_timestamp":1729704570760,"message_id":70,"param":{"paramName":"noautoanchor","paramValue":false,"source":"manual","step":null}},"type":"parameter_msg"}
{"payload":{"local_timestamp":1729704570760,"message_id":71,"param":{"paramName":"noplots","paramValue":false,"source":"manual","step":null}},"type":"parameter_msg"}
{"payload":{"local_timestamp":1729704570760,"message_id":72,"param":{"paramName":"nosave","paramValue":false,"source":"manual","step":null}},"type":"parameter_msg"}
{"payload":{"local_timestamp":1729704570760,"message_id":73,"param":{"paramName":"noval","paramValue":false,"source":"manual","step":null}},"type":"parameter_msg"}
{"payload":{"local_timestamp":1729704570760,"message_id":74,"param":{"paramName":"optimizer","paramValue":"SGD","source":"manual","step":null}},"type":"parameter_msg"}
{"payload":{"local_timestamp":1729704570760,"message_id":75,"param":{"paramName":"patience","paramValue":100,"source":"manual","step":null}},"type":"parameter_msg"}
{"payload":{"local_timestamp":1729704570760,"message_id":76,"param":{"paramName":"project","paramValue":"yolov5\\runs\\train","source":"manual","step":null}},"type":"parameter_msg"}
{"payload":{"local_timestamp":1729704570760,"message_id":77,"param":{"paramName":"quad","paramValue":false,"source":"manual","step":null}},"type":"parameter_msg"}
{"payload":{"local_timestamp":1729704570760,"message_id":78,"param":{"paramName":"rect","paramValue":false,"source":"manual","step":null}},"type":"parameter_msg"}
{"payload":{"local_timestamp":1729704570760,"message_id":79,"param":{"paramName":"resume","paramValue":false,"source":"manual","step":null}},"type":"parameter_msg"}
{"payload":{"local_timestamp":1729704570760,"message_id":80,"param":{"paramName":"resume_evolve","paramValue":null,"source":"manual","step":null}},"type":"parameter_msg"}
{"payload":{"local_timestamp":1729704570760,"message_id":81,"param":{"paramName":"save_dir","paramValue":"yolov5\\runs\\train\\exp9","source":"manual","step":null}},"type":"parameter_msg"}
{"payload":{"local_timestamp":1729704570760,"message_id":82,"param":{"paramName":"save_period","paramValue":-1,"source":"manual","step":null}},"type":"parameter_msg"}
{"payload":{"local_timestamp":1729704570760,"message_id":83,"param":{"paramName":"seed","paramValue":0,"source":"manual","step":null}},"type":"parameter_msg"}
{"payload":{"local_timestamp":1729704570760,"message_id":84,"param":{"paramName":"single_cls","paramValue":false,"source":"manual","step":null}},"type":"parameter_msg"}
{"payload":{"local_timestamp":1729704570760,"message_id":85,"param":{"paramName":"sync_bn","paramValue":false,"source":"manual","step":null}},"type":"parameter_msg"}
{"payload":{"local_timestamp":1729704570760,"message_id":86,"param":{"paramName":"upload_dataset","paramValue":false,"source":"manual","step":null}},"type":"parameter_msg"}
{"payload":{"local_timestamp":1729704570760,"message_id":87,"param":{"paramName":"workers","paramValue":8,"source":"manual","step":null}},"type":"parameter_msg"}
{"payload":{"local_timestamp":1729704570760,"message_id":88,"param":{"paramName":"anchor_t","paramValue":4.0,"source":"manual","step":null}},"type":"parameter_msg"}
{"payload":{"local_timestamp":1729704570760,"message_id":89,"param":{"paramName":"box","paramValue":0.05,"source":"manual","step":null}},"type":"parameter_msg"}
{"payload":{"local_timestamp":1729704570760,"message_id":90,"param":{"paramName":"cls","paramValue":0.5,"source":"manual","step":null}},"type":"parameter_msg"}
{"payload":{"local_timestamp":1729704570760,"message_id":91,"param":{"paramName":"cls_pw","paramValue":1.0,"source":"manual","step":null}},"type":"parameter_msg"}
{"payload":{"local_timestamp":1729704570760,"message_id":92,"param":{"paramName":"copy_paste","paramValue":0.0,"source":"manual","step":null}},"type":"parameter_msg"}
{"payload":{"local_timestamp":1729704570760,"message_id":93,"param":{"paramName":"degrees","paramValue":0.0,"source":"manual","step":null}},"type":"parameter_msg"}
{"payload":{"local_timestamp":1729704570760,"message_id":94,"param":{"paramName":"fl_gamma","paramValue":0.0,"source":"manual","step":null}},"type":"parameter_msg"}
{"payload":{"local_timestamp":1729704570760,"message_id":95,"param":{"paramName":"fliplr","paramValue":0.5,"source":"manual","step":null}},"type":"parameter_msg"}
{"payload":{"local_timestamp":1729704570760,"message_id":96,"param":{"paramName":"flipud","paramValue":0.0,"source":"manual","step":null}},"type":"parameter_msg"}
{"payload":{"local_timestamp":1729704570760,"message_id":97,"param":{"paramName":"hsv_h","paramValue":0.015,"source":"manual","step":null}},"type":"parameter_msg"}
{"payload":{"local_timestamp":1729704570760,"message_id":98,"param":{"paramName":"hsv_s","paramValue":0.7,"source":"manual","step":null}},"type":"parameter_msg"}
{"payload":{"local_timestamp":1729704570760,"message_id":99,"param":{"paramName":"hsv_v","paramValue":0.4,"source":"manual","step":null}},"type":"parameter_msg"}
{"payload":{"local_timestamp":1729704570760,"message_id":100,"param":{"paramName":"iou_t","paramValue":0.2,"source":"manual","step":null}},"type":"parameter_msg"}
{"payload":{"local_timestamp":1729704570760,"message_id":101,"param":{"paramName":"lr0","paramValue":0.01,"source":"manual","step":null}},"type":"parameter_msg"}
{"payload":{"local_timestamp":1729704570760,"message_id":102,"param":{"paramName":"lrf","paramValue":0.01,"source":"manual","step":null}},"type":"parameter_msg"}
{"payload":{"local_timestamp":1729704570760,"message_id":103,"param":{"paramName":"mixup","paramValue":0.0,"source":"manual","step":null}},"type":"parameter_msg"}
{"payload":{"local_timestamp":1729704570760,"message_id":104,"param":{"paramName":"momentum","paramValue":0.937,"source":"manual","step":null}},"type":"parameter_msg"}
{"payload":{"local_timestamp":1729704570760,"message_id":105,"param":{"paramName":"mosaic","paramValue":1.0,"source":"manual","step":null}},"type":"parameter_msg"}
{"payload":{"local_timestamp":1729704570760,"message_id":106,"param":{"paramName":"obj","paramValue":1.0,"source":"manual","step":null}},"type":"parameter_msg"}
{"payload":{"local_timestamp":1729704570760,"message_id":107,"param":{"paramName":"obj_pw","paramValue":1.0,"source":"manual","step":null}},"type":"parameter_msg"}
{"payload":{"local_timestamp":1729704570760,"message_id":108,"param":{"paramName":"perspective","paramValue":0.0,"source":"manual","step":null}},"type":"parameter_msg"}
{"payload":{"local_timestamp":1729704570760,"message_id":109,"param":{"paramName":"scale","paramValue":0.5,"source":"manual","step":null}},"type":"parameter_msg"}
{"payload":{"local_timestamp":1729704570760,"message_id":110,"param":{"paramName":"shear","paramValue":0.0,"source":"manual","step":null}},"type":"parameter_msg"}
{"payload":{"local_timestamp":1729704570760,"message_id":111,"param":{"paramName":"translate","paramValue":0.1,"source":"manual","step":null}},"type":"parameter_msg"}
{"payload":{"local_timestamp":1729704570760,"message_id":112,"param":{"paramName":"warmup_bias_lr","paramValue":0.1,"source":"manual","step":null}},"type":"parameter_msg"}
{"payload":{"local_timestamp":1729704570760,"message_id":113,"param":{"paramName":"warmup_epochs","paramValue":3.0,"source":"manual","step":null}},"type":"parameter_msg"}
{"payload":{"local_timestamp":1729704570760,"message_id":114,"param":{"paramName":"warmup_momentum","paramValue":0.8,"source":"manual","step":null}},"type":"parameter_msg"}
{"payload":{"local_timestamp":1729704570760,"message_id":115,"param":{"paramName":"weight_decay","paramValue":0.0005,"source":"manual","step":null}},"type":"parameter_msg"}
{"payload":{"additional_params":{"assetId":"0bcc4ec5636d48bea08083a31adb0cd7","context":null,"epoch":null,"extension":"json","fileName":"hyperparameters.json","overwrite":false,"runId":null,"step":null},"clean":true,"file_path":"tmp3cpvq7g_","local_timestamp":1729704570772,"message_id":116,"metadata":{"type":"hyp-config-file"},"upload_type":"asset"},"type":"file_upload"}
{"payload":{"additional_params":{"assetId":"078132943c354439b525f717bc38cb2a","context":null,"extension":"yaml","fileName":"opt.yaml","overwrite":false,"runId":null,"step":null},"clean":true,"file_path":"tmpbvwwwu7d","local_timestamp":1729704570772,"message_id":117,"metadata":{"type":"opt-config-file"},"upload_type":"asset"},"type":"file_upload"}
{"payload":{"local_timestamp":1729704570772,"message_id":118,"param":{"paramName":"val_conf_threshold","paramValue":0.001,"source":"manual","step":null}},"type":"parameter_msg"}
{"payload":{"local_timestamp":1729704570772,"message_id":119,"param":{"paramName":"val_iou_threshold","paramValue":0.6,"source":"manual","step":null}},"type":"parameter_msg"}
{"payload":{"key":"comet_mode","message_id":120,"value":"online"},"type":"log_other"}
{"payload":{"key":"comet_max_image_uploads","message_id":121,"value":100},"type":"log_other"}
{"payload":{"key":"comet_log_per_class_metrics","message_id":122,"value":false},"type":"log_other"}
{"payload":{"key":"comet_log_batch_metrics","message_id":123,"value":false},"type":"log_other"}
{"payload":{"key":"comet_log_confusion_matrix","message_id":124,"value":true},"type":"log_other"}
{"payload":{"key":"comet_model_name","message_id":125,"value":"yolov5"},"type":"log_other"}
{"payload":{"local_timestamp":1729704570802,"message_id":126,"output":"\u001b[1;38;5;39mCOMET INFO:\u001b[0m Couldn't find a Git repository in 'C:\\\\Users\\\\ericf\\\\OneDrive\\\\Documents\\\\Code\\\\NGC Hackweek' nor in any parent directory. Set `COMET_GIT_DIRECTORY` if your Git Repository is elsewhere.\n","stderr":true},"type":"standard_output"}
{"payload":{"local_timestamp":1729704570821,"message_id":127,"output":"Overriding model.yaml nc=80 with nc=24\n","stderr":true},"type":"standard_output"}
{"payload":{"local_timestamp":1729704570822,"message_id":128,"output":"\n                 from  n    params  module                                  arguments                     \n","stderr":true},"type":"standard_output"}
{"payload":{"local_timestamp":1729704570824,"message_id":129,"output":"  0                -1  1      3520  models.common.Conv                      [3, 32, 6, 2, 2]              \n","stderr":true},"type":"standard_output"}
{"payload":{"local_timestamp":1729704570825,"message_id":130,"output":"  1                -1  1     18560  models.common.Conv                      [32, 64, 3, 2]                \n","stderr":true},"type":"standard_output"}
{"payload":{"local_timestamp":1729704570827,"message_id":131,"output":"  2                -1  1     18816  models.common.C3                        [64, 64, 1]                   \n","stderr":true},"type":"standard_output"}
{"payload":{"local_timestamp":1729704570829,"message_id":132,"output":"  3                -1  1     73984  models.common.Conv                      [64, 128, 3, 2]               \n","stderr":true},"type":"standard_output"}
{"payload":{"local_timestamp":1729704570833,"message_id":133,"output":"  4                -1  2    115712  models.common.C3                        [128, 128, 2]                 \n","stderr":true},"type":"standard_output"}
{"payload":{"local_timestamp":1729704570834,"message_id":134,"output":"  5                -1  1    295424  models.common.Conv                      [128, 256, 3, 2]              \n","stderr":true},"type":"standard_output"}
{"payload":{"local_timestamp":1729704570841,"message_id":135,"output":"  6                -1  3    625152  models.common.C3                        [256, 256, 3]                 \n","stderr":true},"type":"standard_output"}
{"payload":{"local_timestamp":1729704570848,"message_id":136,"output":"  7                -1  1   1180672  models.common.Conv                      [256, 512, 3, 2]              \n","stderr":true},"type":"standard_output"}
{"payload":{"local_timestamp":1729704571074,"message_id":137,"metric":{"epoch":null,"metricName":"sys.cpu.percent.avg","metricValue":0.0,"step":null}},"type":"metric_msg"}
{"payload":{"local_timestamp":1729704571074,"message_id":138,"metric":{"epoch":null,"metricName":"sys.ram.total","metricValue":17068150784,"step":null}},"type":"metric_msg"}
{"payload":{"local_timestamp":1729704571074,"message_id":139,"metric":{"epoch":null,"metricName":"sys.ram.used","metricValue":9211588608,"step":null}},"type":"metric_msg"}
{"payload":{"local_timestamp":1729704571074,"message_id":140,"metric":{"epoch":null,"metricName":"sys.ram.available","metricValue":7856562176,"step":null}},"type":"metric_msg"}
{"payload":{"local_timestamp":1729704571074,"message_id":141,"metric":{"epoch":null,"metricName":"sys.ram.percent.used","metricValue":54.0,"step":null}},"type":"metric_msg"}
{"payload":{"local_timestamp":1729704571074,"message_id":142,"metric":{"epoch":null,"metricName":"sys.load.avg","metricValue":0.0,"step":null}},"type":"metric_msg"}
{"payload":{"local_timestamp":1729704571075,"message_id":143,"output":"  8                -1  1   1182720  models.common.C3                        [512, 512, 1]                 \n","stderr":true},"type":"standard_output"}
{"payload":{"local_timestamp":1729704571081,"message_id":144,"output":"  9                -1  1    656896  models.common.SPPF                      [512, 512, 5]                 \n","stderr":true},"type":"standard_output"}
{"payload":{"local_timestamp":1729704571082,"message_id":145,"output":" 10                -1  1    131584  models.common.Conv                      [512, 256, 1, 1]              \n","stderr":true},"type":"standard_output"}
{"payload":{"local_timestamp":1729704571083,"message_id":146,"output":" 11                -1  1         0  torch.nn.modules.upsampling.Upsample    [None, 2, 'nearest']          \n","stderr":true},"type":"standard_output"}
{"payload":{"local_timestamp":1729704571083,"message_id":147,"output":" 12           [-1, 6]  1         0  models.common.Concat                    [1]                           \n","stderr":true},"type":"standard_output"}
{"payload":{"local_timestamp":1729704571087,"message_id":148,"output":" 13                -1  1    361984  models.common.C3                        [512, 256, 1, False]          \n","stderr":true},"type":"standard_output"}
{"payload":{"local_timestamp":1729704571090,"message_id":149,"output":" 14                -1  1     33024  models.common.Conv                      [256, 128, 1, 1]              \n","stderr":true},"type":"standard_output"}
{"payload":{"local_timestamp":1729704571090,"message_id":150,"output":" 15                -1  1         0  torch.nn.modules.upsampling.Upsample    [None, 2, 'nearest']          \n","stderr":true},"type":"standard_output"}
{"payload":{"local_timestamp":1729704571091,"message_id":151,"output":" 16           [-1, 4]  1         0  models.common.Concat                    [1]                           \n","stderr":true},"type":"standard_output"}
{"payload":{"local_timestamp":1729704571094,"message_id":152,"output":" 17                -1  1     90880  models.common.C3                        [256, 128, 1, False]          \n","stderr":true},"type":"standard_output"}
{"payload":{"local_timestamp":1729704571096,"message_id":153,"output":" 18                -1  1    147712  models.common.Conv                      [128, 128, 3, 2]              \n","stderr":true},"type":"standard_output"}
{"payload":{"local_timestamp":1729704571096,"message_id":154,"output":" 19          [-1, 14]  1         0  models.common.Concat                    [1]                           \n","stderr":true},"type":"standard_output"}
{"payload":{"local_timestamp":1729704571101,"message_id":155,"output":" 20                -1  1    296448  models.common.C3                        [256, 256, 1, False]          \n","stderr":true},"type":"standard_output"}
{"payload":{"local_timestamp":1729704571104,"message_id":156,"output":" 21                -1  1    590336  models.common.Conv                      [256, 256, 3, 2]              \n","stderr":true},"type":"standard_output"}
{"payload":{"local_timestamp":1729704571106,"message_id":157,"output":" 22          [-1, 10]  1         0  models.common.Concat                    [1]                           \n","stderr":true},"type":"standard_output"}
{"payload":{"local_timestamp":1729704571116,"message_id":158,"output":" 23                -1  1   1182720  models.common.C3                        [512, 512, 1, False]          \n","stderr":true},"type":"standard_output"}
{"payload":{"local_timestamp":1729704571118,"message_id":159,"output":" 24      [17, 20, 23]  1     78213  models.yolo.Detect                      [24, [[10, 13, 16, 30, 33, 23], [30, 61, 62, 45, 59, 119], [116, 90, 156, 198, 373, 326]], [128, 256, 512]]\n","stderr":true},"type":"standard_output"}
{"payload":{"local_timestamp":1729704571276,"message_id":160,"output":"Model summary: 214 layers, 7084357 parameters, 7084357 gradients, 16.1 GFLOPs\n","stderr":true},"type":"standard_output"}
{"payload":{"local_timestamp":1729704571276,"message_id":161,"output":"\n","stderr":true},"type":"standard_output"}
{"payload":{"local_timestamp":1729704571465,"message_id":162,"output":"Transferred 343/349 items from yolov5\\yolov5s.pt\n","stderr":true},"type":"standard_output"}
{"payload":{"local_timestamp":1729704571685,"message_id":163,"output":"C:\\Users\\ericf\\OneDrive\\Documents\\Code\\NGC Hackweek\\yolov5\\models\\common.py:892: FutureWarning: `torch.cuda.amp.autocast(args...)` is deprecated. Please use `torch.amp.autocast('cuda', args...)` instead.\n  with amp.autocast(autocast):\n","stderr":true},"type":"standard_output"}
{"payload":{"local_timestamp":1729704572036,"message_id":164,"output":"C:\\Users\\ericf\\OneDrive\\Documents\\Code\\NGC Hackweek\\yolov5\\models\\common.py:892: FutureWarning: `torch.cuda.amp.autocast(args...)` is deprecated. Please use `torch.amp.autocast('cuda', args...)` instead.\n  with amp.autocast(autocast):\n","stderr":true},"type":"standard_output"}
{"payload":{"local_timestamp":1729704572199,"message_id":165,"output":"\u001b[34m\u001b[1mAMP: \u001b[0mchecks passed \n","stderr":true},"type":"standard_output"}
{"payload":{"local_timestamp":1729704572200,"message_id":166,"output":"\u001b[34m\u001b[1moptimizer:\u001b[0m SGD(lr=0.01) with parameter groups 57 weight(decay=0.0), 60 weight(decay=0.0005), 60 bias\n","stderr":true},"type":"standard_output"}
{"payload":{"local_timestamp":1729704572265,"message_id":167,"output":"\r\u001b[34m\u001b[1mtrain: \u001b[0mScanning C:\\Users\\ericf\\OneDrive\\Documents\\Code\\NGC Hackweek\\yolov5\\office-2\\train\\labels.cache... 7 images, 0 backgrounds, 0 corrupt: 100%|\u2588\u2588\u2588\u2588\u2588\u2588\u2588\u2588\u2588\u2588| 7/7 [00:00<?, ?it/s]\u001b[0m","stderr":true},"type":"standard_output"}
{"payload":{"local_timestamp":1729704572265,"message_id":168,"output":"\r\u001b[34m\u001b[1mtrain: \u001b[0mScanning C:\\Users\\ericf\\OneDrive\\Documents\\Code\\NGC Hackweek\\yolov5\\office-2\\train\\labels.cache... 7 images, 0 backgrounds, 0 corrupt: 100%|\u2588\u2588\u2588\u2588\u2588\u2588\u2588\u2588\u2588\u2588| 7/7 [00:00<?, ?it/s]\u001b[0m","stderr":true},"type":"standard_output"}
{"payload":{"local_timestamp":1729704572265,"message_id":169,"output":"\n","stderr":true},"type":"standard_output"}
{"payload":{"local_timestamp":1729704572836,"message_id":170,"output":"\r\u001b[34m\u001b[1mval: \u001b[0mScanning C:\\Users\\ericf\\OneDrive\\Documents\\Code\\NGC Hackweek\\yolov5\\office-2\\valid\\labels.cache... 2 images, 0 backgrounds, 0 corrupt: 100%|\u2588\u2588\u2588\u2588\u2588\u2588\u2588\u2588\u2588\u2588| 2/2 [00:00<?, ?it/s]\u001b[0m","stderr":true},"type":"standard_output"}
{"payload":{"local_timestamp":1729704572836,"message_id":171,"output":"\r\u001b[34m\u001b[1mval: \u001b[0mScanning C:\\Users\\ericf\\OneDrive\\Documents\\Code\\NGC Hackweek\\yolov5\\office-2\\valid\\labels.cache... 2 images, 0 backgrounds, 0 corrupt: 100%|\u2588\u2588\u2588\u2588\u2588\u2588\u2588\u2588\u2588\u2588| 2/2 [00:00<?, ?it/s]\u001b[0m","stderr":true},"type":"standard_output"}
{"payload":{"local_timestamp":1729704572836,"message_id":172,"output":"\n","stderr":true},"type":"standard_output"}
{"payload":{"local_timestamp":1729704573013,"message_id":173,"output":"\n\u001b[34m\u001b[1mAutoAnchor: \u001b[0m5.29 anchors/target, 1.000 Best Possible Recall (BPR). Current anchors are a good fit to dataset \n","stderr":true},"type":"standard_output"}
{"payload":{"local_timestamp":1729704573050,"message_id":174,"output":"Plotting labels to yolov5\\runs\\train\\exp9\\labels.jpg... \n","stderr":true},"type":"standard_output"}
{"payload":{"additional_params":{"assetId":"eb9400740c024e58b9567cfbaefd1908","context":null,"extension":"jpg","fileName":"labels.jpg","overwrite":false,"runId":null,"step":null},"clean":true,"file_path":"tmpugmuzmpn","local_timestamp":1729704576449,"message_id":175,"metadata":{},"upload_type":"asset"},"type":"file_upload"}
{"payload":{"additional_params":{"assetId":"a427524dd2ef44e8b94d788db6c23a0d","context":null,"extension":"jpg","fileName":"labels_correlogram.jpg","overwrite":false,"runId":null,"step":null},"clean":true,"file_path":"tmpxu1ddqfr","local_timestamp":1729704576457,"message_id":176,"metadata":{},"upload_type":"asset"},"type":"file_upload"}
{"payload":{"local_timestamp":1729704576459,"message_id":177,"output":"C:\\Users\\ericf\\OneDrive\\Documents\\Code\\NGC Hackweek\\yolov5\\train.py:355: FutureWarning: `torch.cuda.amp.GradScaler(args...)` is deprecated. Please use `torch.amp.GradScaler('cuda', args...)` instead.\n  scaler = torch.cuda.amp.GradScaler(enabled=amp)\n","stderr":true},"type":"standard_output"}
{"payload":{"local_timestamp":1729704576459,"message_id":178,"param":{"paramName":"cls","paramValue":0.15,"source":"manual","step":null}},"type":"parameter_msg"}
{"payload":{"local_timestamp":1729704576461,"message_id":179,"output":"Image sizes 640 train, 640 val\nUsing 7 dataloader workers\nLogging results to \u001b[1myolov5\\runs\\train\\exp9\u001b[0m\nStarting training for 3 epochs...\n","stderr":true},"type":"standard_output"}
{"payload":{"local_timestamp":1729704576463,"message_id":180,"output":"\n      Epoch    GPU_mem   box_loss   obj_loss   cls_loss  Instances       Size\n","stderr":true},"type":"standard_output"}
{"payload":{"local_timestamp":1729704576464,"message_id":181,"output":"\r  0%|          | 0/1 [00:00<?, ?it/s]","stderr":true},"type":"standard_output"}
{"payload":{"local_timestamp":1729704582558,"message_id":182,"output":"C:\\Users\\ericf\\OneDrive\\Documents\\Code\\NGC Hackweek\\yolov5\\train.py:412: FutureWarning: `torch.cuda.amp.autocast(args...)` is deprecated. Please use `torch.amp.autocast('cuda', args...)` instead.\n  with torch.cuda.amp.autocast(amp):\n","stderr":true},"type":"standard_output"}
{"payload":{"local_timestamp":1729704583366,"message_id":183,"param":{"paramName":"curr_step","paramValue":0,"source":"auto-logged","step":0}},"type":"parameter_msg"}
{"payload":{"graph":"DetectionModel(\n  (model): Sequential(\n    (0): Conv(\n      (conv): Conv2d(3, 32, kernel_size=(6, 6), stride=(2, 2), padding=(2, 2), bias=False)\n      (bn): BatchNorm2d(32, eps=0.001, momentum=0.03, affine=True, track_running_stats=True)\n      (act): SiLU(inplace=True)\n    )\n    (1): Conv(\n      (conv): Conv2d(32, 64, kernel_size=(3, 3), stride=(2, 2), padding=(1, 1), bias=False)\n      (bn): BatchNorm2d(64, eps=0.001, momentum=0.03, affine=True, track_running_stats=True)\n      (act): SiLU(inplace=True)\n    )\n    (2): C3(\n      (cv1): Conv(\n        (conv): Conv2d(64, 32, kernel_size=(1, 1), stride=(1, 1), bias=False)\n        (bn): BatchNorm2d(32, eps=0.001, momentum=0.03, affine=True, track_running_stats=True)\n        (act): SiLU(inplace=True)\n      )\n      (cv2): Conv(\n        (conv): Conv2d(64, 32, kernel_size=(1, 1), stride=(1, 1), bias=False)\n        (bn): BatchNorm2d(32, eps=0.001, momentum=0.03, affine=True, track_running_stats=True)\n        (act): SiLU(inplace=True)\n      )\n      (cv3): Conv(\n        (conv): Conv2d(64, 64, kernel_size=(1, 1), stride=(1, 1), bias=False)\n        (bn): BatchNorm2d(64, eps=0.001, momentum=0.03, affine=True, track_running_stats=True)\n        (act): SiLU(inplace=True)\n      )\n      (m): Sequential(\n        (0): Bottleneck(\n          (cv1): Conv(\n            (conv): Conv2d(32, 32, kernel_size=(1, 1), stride=(1, 1), bias=False)\n            (bn): BatchNorm2d(32, eps=0.001, momentum=0.03, affine=True, track_running_stats=True)\n            (act): SiLU(inplace=True)\n          )\n          (cv2): Conv(\n            (conv): Conv2d(32, 32, kernel_size=(3, 3), stride=(1, 1), padding=(1, 1), bias=False)\n            (bn): BatchNorm2d(32, eps=0.001, momentum=0.03, affine=True, track_running_stats=True)\n            (act): SiLU(inplace=True)\n          )\n        )\n      )\n    )\n    (3): Conv(\n      (conv): Conv2d(64, 128, kernel_size=(3, 3), stride=(2, 2), padding=(1, 1), bias=False)\n      (bn): BatchNorm2d(128, eps=0.001, momentum=0.03, affine=True, track_running_stats=True)\n      (act): SiLU(inplace=True)\n    )\n    (4): C3(\n      (cv1): Conv(\n        (conv): Conv2d(128, 64, kernel_size=(1, 1), stride=(1, 1), bias=False)\n        (bn): BatchNorm2d(64, eps=0.001, momentum=0.03, affine=True, track_running_stats=True)\n        (act): SiLU(inplace=True)\n      )\n      (cv2): Conv(\n        (conv): Conv2d(128, 64, kernel_size=(1, 1), stride=(1, 1), bias=False)\n        (bn): BatchNorm2d(64, eps=0.001, momentum=0.03, affine=True, track_running_stats=True)\n        (act): SiLU(inplace=True)\n      )\n      (cv3): Conv(\n        (conv): Conv2d(128, 128, kernel_size=(1, 1), stride=(1, 1), bias=False)\n        (bn): BatchNorm2d(128, eps=0.001, momentum=0.03, affine=True, track_running_stats=True)\n        (act): SiLU(inplace=True)\n      )\n      (m): Sequential(\n        (0): Bottleneck(\n          (cv1): Conv(\n            (conv): Conv2d(64, 64, kernel_size=(1, 1), stride=(1, 1), bias=False)\n            (bn): BatchNorm2d(64, eps=0.001, momentum=0.03, affine=True, track_running_stats=True)\n            (act): SiLU(inplace=True)\n          )\n          (cv2): Conv(\n            (conv): Conv2d(64, 64, kernel_size=(3, 3), stride=(1, 1), padding=(1, 1), bias=False)\n            (bn): BatchNorm2d(64, eps=0.001, momentum=0.03, affine=True, track_running_stats=True)\n            (act): SiLU(inplace=True)\n          )\n        )\n        (1): Bottleneck(\n          (cv1): Conv(\n            (conv): Conv2d(64, 64, kernel_size=(1, 1), stride=(1, 1), bias=False)\n            (bn): BatchNorm2d(64, eps=0.001, momentum=0.03, affine=True, track_running_stats=True)\n            (act): SiLU(inplace=True)\n          )\n          (cv2): Conv(\n            (conv): Conv2d(64, 64, kernel_size=(3, 3), stride=(1, 1), padding=(1, 1), bias=False)\n            (bn): BatchNorm2d(64, eps=0.001, momentum=0.03, affine=True, track_running_stats=True)\n            (act): SiLU(inplace=True)\n          )\n        )\n      )\n    )\n    (5): Conv(\n      (conv): Conv2d(128, 256, kernel_size=(3, 3), stride=(2, 2), padding=(1, 1), bias=False)\n      (bn): BatchNorm2d(256, eps=0.001, momentum=0.03, affine=True, track_running_stats=True)\n      (act): SiLU(inplace=True)\n    )\n    (6): C3(\n      (cv1): Conv(\n        (conv): Conv2d(256, 128, kernel_size=(1, 1), stride=(1, 1), bias=False)\n        (bn): BatchNorm2d(128, eps=0.001, momentum=0.03, affine=True, track_running_stats=True)\n        (act): SiLU(inplace=True)\n      )\n      (cv2): Conv(\n        (conv): Conv2d(256, 128, kernel_size=(1, 1), stride=(1, 1), bias=False)\n        (bn): BatchNorm2d(128, eps=0.001, momentum=0.03, affine=True, track_running_stats=True)\n        (act): SiLU(inplace=True)\n      )\n      (cv3): Conv(\n        (conv): Conv2d(256, 256, kernel_size=(1, 1), stride=(1, 1), bias=False)\n        (bn): BatchNorm2d(256, eps=0.001, momentum=0.03, affine=True, track_running_stats=True)\n        (act): SiLU(inplace=True)\n      )\n      (m): Sequential(\n        (0): Bottleneck(\n          (cv1): Conv(\n            (conv): Conv2d(128, 128, kernel_size=(1, 1), stride=(1, 1), bias=False)\n            (bn): BatchNorm2d(128, eps=0.001, momentum=0.03, affine=True, track_running_stats=True)\n            (act): SiLU(inplace=True)\n          )\n          (cv2): Conv(\n            (conv): Conv2d(128, 128, kernel_size=(3, 3), stride=(1, 1), padding=(1, 1), bias=False)\n            (bn): BatchNorm2d(128, eps=0.001, momentum=0.03, affine=True, track_running_stats=True)\n            (act): SiLU(inplace=True)\n          )\n        )\n        (1): Bottleneck(\n          (cv1): Conv(\n            (conv): Conv2d(128, 128, kernel_size=(1, 1), stride=(1, 1), bias=False)\n            (bn): BatchNorm2d(128, eps=0.001, momentum=0.03, affine=True, track_running_stats=True)\n            (act): SiLU(inplace=True)\n          )\n          (cv2): Conv(\n            (conv): Conv2d(128, 128, kernel_size=(3, 3), stride=(1, 1), padding=(1, 1), bias=False)\n            (bn): BatchNorm2d(128, eps=0.001, momentum=0.03, affine=True, track_running_stats=True)\n            (act): SiLU(inplace=True)\n          )\n        )\n        (2): Bottleneck(\n          (cv1): Conv(\n            (conv): Conv2d(128, 128, kernel_size=(1, 1), stride=(1, 1), bias=False)\n            (bn): BatchNorm2d(128, eps=0.001, momentum=0.03, affine=True, track_running_stats=True)\n            (act): SiLU(inplace=True)\n          )\n          (cv2): Conv(\n            (conv): Conv2d(128, 128, kernel_size=(3, 3), stride=(1, 1), padding=(1, 1), bias=False)\n            (bn): BatchNorm2d(128, eps=0.001, momentum=0.03, affine=True, track_running_stats=True)\n            (act): SiLU(inplace=True)\n          )\n        )\n      )\n    )\n    (7): Conv(\n      (conv): Conv2d(256, 512, kernel_size=(3, 3), stride=(2, 2), padding=(1, 1), bias=False)\n      (bn): BatchNorm2d(512, eps=0.001, momentum=0.03, affine=True, track_running_stats=True)\n      (act): SiLU(inplace=True)\n    )\n    (8): C3(\n      (cv1): Conv(\n        (conv): Conv2d(512, 256, kernel_size=(1, 1), stride=(1, 1), bias=False)\n        (bn): BatchNorm2d(256, eps=0.001, momentum=0.03, affine=True, track_running_stats=True)\n        (act): SiLU(inplace=True)\n      )\n      (cv2): Conv(\n        (conv): Conv2d(512, 256, kernel_size=(1, 1), stride=(1, 1), bias=False)\n        (bn): BatchNorm2d(256, eps=0.001, momentum=0.03, affine=True, track_running_stats=True)\n        (act): SiLU(inplace=True)\n      )\n      (cv3): Conv(\n        (conv): Conv2d(512, 512, kernel_size=(1, 1), stride=(1, 1), bias=False)\n        (bn): BatchNorm2d(512, eps=0.001, momentum=0.03, affine=True, track_running_stats=True)\n        (act): SiLU(inplace=True)\n      )\n      (m): Sequential(\n        (0): Bottleneck(\n          (cv1): Conv(\n            (conv): Conv2d(256, 256, kernel_size=(1, 1), stride=(1, 1), bias=False)\n            (bn): BatchNorm2d(256, eps=0.001, momentum=0.03, affine=True, track_running_stats=True)\n            (act): SiLU(inplace=True)\n          )\n          (cv2): Conv(\n            (conv): Conv2d(256, 256, kernel_size=(3, 3), stride=(1, 1), padding=(1, 1), bias=False)\n            (bn): BatchNorm2d(256, eps=0.001, momentum=0.03, affine=True, track_running_stats=True)\n            (act): SiLU(inplace=True)\n          )\n        )\n      )\n    )\n    (9): SPPF(\n      (cv1): Conv(\n        (conv): Conv2d(512, 256, kernel_size=(1, 1), stride=(1, 1), bias=False)\n        (bn): BatchNorm2d(256, eps=0.001, momentum=0.03, affine=True, track_running_stats=True)\n        (act): SiLU(inplace=True)\n      )\n      (cv2): Conv(\n        (conv): Conv2d(1024, 512, kernel_size=(1, 1), stride=(1, 1), bias=False)\n        (bn): BatchNorm2d(512, eps=0.001, momentum=0.03, affine=True, track_running_stats=True)\n        (act): SiLU(inplace=True)\n      )\n      (m): MaxPool2d(kernel_size=5, stride=1, padding=2, dilation=1, ceil_mode=False)\n    )\n    (10): Conv(\n      (conv): Conv2d(512, 256, kernel_size=(1, 1), stride=(1, 1), bias=False)\n      (bn): BatchNorm2d(256, eps=0.001, momentum=0.03, affine=True, track_running_stats=True)\n      (act): SiLU(inplace=True)\n    )\n    (11): Upsample(scale_factor=2.0, mode='nearest')\n    (12): Concat()\n    (13): C3(\n      (cv1): Conv(\n        (conv): Conv2d(512, 128, kernel_size=(1, 1), stride=(1, 1), bias=False)\n        (bn): BatchNorm2d(128, eps=0.001, momentum=0.03, affine=True, track_running_stats=True)\n        (act): SiLU(inplace=True)\n      )\n      (cv2): Conv(\n        (conv): Conv2d(512, 128, kernel_size=(1, 1), stride=(1, 1), bias=False)\n        (bn): BatchNorm2d(128, eps=0.001, momentum=0.03, affine=True, track_running_stats=True)\n        (act): SiLU(inplace=True)\n      )\n      (cv3): Conv(\n        (conv): Conv2d(256, 256, kernel_size=(1, 1), stride=(1, 1), bias=False)\n        (bn): BatchNorm2d(256, eps=0.001, momentum=0.03, affine=True, track_running_stats=True)\n        (act): SiLU(inplace=True)\n      )\n      (m): Sequential(\n        (0): Bottleneck(\n          (cv1): Conv(\n            (conv): Conv2d(128, 128, kernel_size=(1, 1), stride=(1, 1), bias=False)\n            (bn): BatchNorm2d(128, eps=0.001, momentum=0.03, affine=True, track_running_stats=True)\n            (act): SiLU(inplace=True)\n          )\n          (cv2): Conv(\n            (conv): Conv2d(128, 128, kernel_size=(3, 3), stride=(1, 1), padding=(1, 1), bias=False)\n            (bn): BatchNorm2d(128, eps=0.001, momentum=0.03, affine=True, track_running_stats=True)\n            (act): SiLU(inplace=True)\n          )\n        )\n      )\n    )\n    (14): Conv(\n      (conv): Conv2d(256, 128, kernel_size=(1, 1), stride=(1, 1), bias=False)\n      (bn): BatchNorm2d(128, eps=0.001, momentum=0.03, affine=True, track_running_stats=True)\n      (act): SiLU(inplace=True)\n    )\n    (15): Upsample(scale_factor=2.0, mode='nearest')\n    (16): Concat()\n    (17): C3(\n      (cv1): Conv(\n        (conv): Conv2d(256, 64, kernel_size=(1, 1), stride=(1, 1), bias=False)\n        (bn): BatchNorm2d(64, eps=0.001, momentum=0.03, affine=True, track_running_stats=True)\n        (act): SiLU(inplace=True)\n      )\n      (cv2): Conv(\n        (conv): Conv2d(256, 64, kernel_size=(1, 1), stride=(1, 1), bias=False)\n        (bn): BatchNorm2d(64, eps=0.001, momentum=0.03, affine=True, track_running_stats=True)\n        (act): SiLU(inplace=True)\n      )\n      (cv3): Conv(\n        (conv): Conv2d(128, 128, kernel_size=(1, 1), stride=(1, 1), bias=False)\n        (bn): BatchNorm2d(128, eps=0.001, momentum=0.03, affine=True, track_running_stats=True)\n        (act): SiLU(inplace=True)\n      )\n      (m): Sequential(\n        (0): Bottleneck(\n          (cv1): Conv(\n            (conv): Conv2d(64, 64, kernel_size=(1, 1), stride=(1, 1), bias=False)\n            (bn): BatchNorm2d(64, eps=0.001, momentum=0.03, affine=True, track_running_stats=True)\n            (act): SiLU(inplace=True)\n          )\n          (cv2): Conv(\n            (conv): Conv2d(64, 64, kernel_size=(3, 3), stride=(1, 1), padding=(1, 1), bias=False)\n            (bn): BatchNorm2d(64, eps=0.001, momentum=0.03, affine=True, track_running_stats=True)\n            (act): SiLU(inplace=True)\n          )\n        )\n      )\n    )\n    (18): Conv(\n      (conv): Conv2d(128, 128, kernel_size=(3, 3), stride=(2, 2), padding=(1, 1), bias=False)\n      (bn): BatchNorm2d(128, eps=0.001, momentum=0.03, affine=True, track_running_stats=True)\n      (act): SiLU(inplace=True)\n    )\n    (19): Concat()\n    (20): C3(\n      (cv1): Conv(\n        (conv): Conv2d(256, 128, kernel_size=(1, 1), stride=(1, 1), bias=False)\n        (bn): BatchNorm2d(128, eps=0.001, momentum=0.03, affine=True, track_running_stats=True)\n        (act): SiLU(inplace=True)\n      )\n      (cv2): Conv(\n        (conv): Conv2d(256, 128, kernel_size=(1, 1), stride=(1, 1), bias=False)\n        (bn): BatchNorm2d(128, eps=0.001, momentum=0.03, affine=True, track_running_stats=True)\n        (act): SiLU(inplace=True)\n      )\n      (cv3): Conv(\n        (conv): Conv2d(256, 256, kernel_size=(1, 1), stride=(1, 1), bias=False)\n        (bn): BatchNorm2d(256, eps=0.001, momentum=0.03, affine=True, track_running_stats=True)\n        (act): SiLU(inplace=True)\n      )\n      (m): Sequential(\n        (0): Bottleneck(\n          (cv1): Conv(\n            (conv): Conv2d(128, 128, kernel_size=(1, 1), stride=(1, 1), bias=False)\n            (bn): BatchNorm2d(128, eps=0.001, momentum=0.03, affine=True, track_running_stats=True)\n            (act): SiLU(inplace=True)\n          )\n          (cv2): Conv(\n            (conv): Conv2d(128, 128, kernel_size=(3, 3), stride=(1, 1), padding=(1, 1), bias=False)\n            (bn): BatchNorm2d(128, eps=0.001, momentum=0.03, affine=True, track_running_stats=True)\n            (act): SiLU(inplace=True)\n          )\n        )\n      )\n    )\n    (21): Conv(\n      (conv): Conv2d(256, 256, kernel_size=(3, 3), stride=(2, 2), padding=(1, 1), bias=False)\n      (bn): BatchNorm2d(256, eps=0.001, momentum=0.03, affine=True, track_running_stats=True)\n      (act): SiLU(inplace=True)\n    )\n    (22): Concat()\n    (23): C3(\n      (cv1): Conv(\n        (conv): Conv2d(512, 256, kernel_size=(1, 1), stride=(1, 1), bias=False)\n        (bn): BatchNorm2d(256, eps=0.001, momentum=0.03, affine=True, track_running_stats=True)\n        (act): SiLU(inplace=True)\n      )\n      (cv2): Conv(\n        (conv): Conv2d(512, 256, kernel_size=(1, 1), stride=(1, 1), bias=False)\n        (bn): BatchNorm2d(256, eps=0.001, momentum=0.03, affine=True, track_running_stats=True)\n        (act): SiLU(inplace=True)\n      )\n      (cv3): Conv(\n        (conv): Conv2d(512, 512, kernel_size=(1, 1), stride=(1, 1), bias=False)\n        (bn): BatchNorm2d(512, eps=0.001, momentum=0.03, affine=True, track_running_stats=True)\n        (act): SiLU(inplace=True)\n      )\n      (m): Sequential(\n        (0): Bottleneck(\n          (cv1): Conv(\n            (conv): Conv2d(256, 256, kernel_size=(1, 1), stride=(1, 1), bias=False)\n            (bn): BatchNorm2d(256, eps=0.001, momentum=0.03, affine=True, track_running_stats=True)\n            (act): SiLU(inplace=True)\n          )\n          (cv2): Conv(\n            (conv): Conv2d(256, 256, kernel_size=(3, 3), stride=(1, 1), padding=(1, 1), bias=False)\n            (bn): BatchNorm2d(256, eps=0.001, momentum=0.03, affine=True, track_running_stats=True)\n            (act): SiLU(inplace=True)\n          )\n        )\n      )\n    )\n    (24): Detect(\n      (m): ModuleList(\n        (0): Conv2d(128, 87, kernel_size=(1, 1), stride=(1, 1))\n        (1): Conv2d(256, 87, kernel_size=(1, 1), stride=(1, 1))\n        (2): Conv2d(512, 87, kernel_size=(1, 1), stride=(1, 1))\n      )\n    )\n  )\n)","message_id":184},"type":"graph"}
{"payload":{"local_timestamp":1729704583374,"message_id":185,"metric":{"epoch":null,"metricName":"loss","metricValue":2.307932138442993,"step":0}},"type":"metric_msg"}
{"payload":{"local_timestamp":1729704583453,"message_id":186,"output":"\r        0/2       1.6G     0.1185     0.1242    0.08698        275        640:   0%|          | 0/1 [00:06<?, ?it/s]","stderr":true},"type":"standard_output"}
{"payload":{"local_timestamp":1729704583454,"message_id":187,"output":"\r        0/2       1.6G     0.1185     0.1242    0.08698        275        640: 100%|\u2588\u2588\u2588\u2588\u2588\u2588\u2588\u2588\u2588\u2588| 1/1 [00:06<00:00,  6.99s/it]","stderr":true},"type":"standard_output"}
{"payload":{"local_timestamp":1729704583455,"message_id":188,"output":"\r        0/2       1.6G     0.1185     0.1242    0.08698        275        640: 100%|\u2588\u2588\u2588\u2588\u2588\u2588\u2588\u2588\u2588\u2588| 1/1 [00:06<00:00,  6.99s/it]","stderr":true},"type":"standard_output"}
{"payload":{"local_timestamp":1729704583455,"message_id":189,"output":"\n","stderr":true},"type":"standard_output"}
{"payload":{"local_timestamp":1729704583476,"message_id":190,"output":"\r                 Class     Images  Instances          P          R      mAP50   mAP50-95:   0%|          | 0/1 [00:00<?, ?it/s]","stderr":true},"type":"standard_output"}
{"payload":{"local_timestamp":1729704583651,"message_id":191,"output":"\r                 Class     Images  Instances          P          R      mAP50   mAP50-95: 100%|\u2588\u2588\u2588\u2588\u2588\u2588\u2588\u2588\u2588\u2588| 1/1 [00:00<00:00,  5.77it/s]","stderr":true},"type":"standard_output"}
{"payload":{"local_timestamp":1729704583651,"message_id":192,"output":"\r                 Class     Images  Instances          P          R      mAP50   mAP50-95: 100%|\u2588\u2588\u2588\u2588\u2588\u2588\u2588\u2588\u2588\u2588| 1/1 [00:00<00:00,  5.74it/s]","stderr":true},"type":"standard_output"}
{"payload":{"local_timestamp":1729704583651,"message_id":193,"output":"\n","stderr":true},"type":"standard_output"}
{"payload":{"local_timestamp":1729704583652,"message_id":194,"output":"                   all          2          9          0          0          0          0\n","stderr":true},"type":"standard_output"}
{"payload":{"local_timestamp":1729704583667,"message_id":195,"param":{"paramName":"curr_epoch","paramValue":0,"source":"auto-logged","step":0}},"type":"parameter_msg"}
{"payload":{"local_timestamp":1729704583667,"message_id":196,"metric":{"epoch":0,"metricName":"metrics/mAP_0.5","metricValue":0.0,"step":0}},"type":"metric_msg"}
{"payload":{"local_timestamp":1729704583667,"message_id":197,"metric":{"epoch":0,"metricName":"metrics/mAP_0.5:0.95","metricValue":0.0,"step":0}},"type":"metric_msg"}
{"payload":{"local_timestamp":1729704583667,"message_id":198,"metric":{"epoch":0,"metricName":"metrics/precision","metricValue":0.0,"step":0}},"type":"metric_msg"}
{"payload":{"local_timestamp":1729704583667,"message_id":199,"metric":{"epoch":0,"metricName":"metrics/recall","metricValue":0.0,"step":0}},"type":"metric_msg"}
{"payload":{"local_timestamp":1729704583667,"message_id":200,"metric":{"epoch":0,"metricName":"train/box_loss","metricValue":0.11850444227457047,"step":0}},"type":"metric_msg"}
{"payload":{"local_timestamp":1729704583673,"message_id":201,"metric":{"epoch":0,"metricName":"train/cls_loss","metricValue":0.08697681128978729,"step":0}},"type":"metric_msg"}
{"payload":{"local_timestamp":1729704583675,"message_id":202,"metric":{"epoch":0,"metricName":"train/obj_loss","metricValue":0.12422330677509308,"step":0}},"type":"metric_msg"}
{"payload":{"local_timestamp":1729704583675,"message_id":203,"metric":{"epoch":0,"metricName":"val/box_loss","metricValue":0.11156000941991806,"step":0}},"type":"metric_msg"}
{"payload":{"local_timestamp":1729704583675,"message_id":204,"metric":{"epoch":0,"metricName":"val/cls_loss","metricValue":0.07650146633386612,"step":0}},"type":"metric_msg"}
{"payload":{"local_timestamp":1729704583675,"message_id":205,"metric":{"epoch":0,"metricName":"val/obj_loss","metricValue":0.0319671630859375,"step":0}},"type":"metric_msg"}
{"payload":{"local_timestamp":1729704583675,"message_id":206,"metric":{"epoch":0,"metricName":"x/lr0","metricValue":0.1,"step":0}},"type":"metric_msg"}
{"payload":{"local_timestamp":1729704583675,"message_id":207,"metric":{"epoch":0,"metricName":"x/lr1","metricValue":0.0,"step":0}},"type":"metric_msg"}
{"payload":{"local_timestamp":1729704583675,"message_id":208,"metric":{"epoch":0,"metricName":"x/lr2","metricValue":0.0,"step":0}},"type":"metric_msg"}
{"payload":{"local_timestamp":1729704584122,"message_id":209,"output":"\n      Epoch    GPU_mem   box_loss   obj_loss   cls_loss  Instances       Size\n","stderr":true},"type":"standard_output"}
{"payload":{"local_timestamp":1729704584122,"message_id":210,"output":"\r  0%|          | 0/1 [00:00<?, ?it/s]","stderr":true},"type":"standard_output"}
{"payload":{"local_timestamp":1729704584124,"message_id":211,"output":"C:\\Users\\ericf\\OneDrive\\Documents\\Code\\NGC Hackweek\\yolov5\\train.py:412: FutureWarning: `torch.cuda.amp.autocast(args...)` is deprecated. Please use `torch.amp.autocast('cuda', args...)` instead.\n  with torch.cuda.amp.autocast(amp):\n","stderr":true},"type":"standard_output"}
{"payload":{"local_timestamp":1729704584241,"message_id":212,"param":{"paramName":"curr_step","paramValue":1,"source":"auto-logged","step":1}},"type":"parameter_msg"}
{"payload":{"local_timestamp":1729704584309,"message_id":213,"output":"\r        1/2       1.6G     0.1184     0.0757    0.08437        118        640:   0%|          | 0/1 [00:00<?, ?it/s]","stderr":true},"type":"standard_output"}
{"payload":{"local_timestamp":1729704584310,"message_id":214,"output":"\r        1/2       1.6G     0.1184     0.0757    0.08437        118        640: 100%|\u2588\u2588\u2588\u2588\u2588\u2588\u2588\u2588\u2588\u2588| 1/1 [00:00<00:00,  5.30it/s]","stderr":true},"type":"standard_output"}
{"payload":{"local_timestamp":1729704584310,"message_id":215,"output":"\r        1/2       1.6G     0.1184     0.0757    0.08437        118        640: 100%|\u2588\u2588\u2588\u2588\u2588\u2588\u2588\u2588\u2588\u2588| 1/1 [00:00<00:00,  5.30it/s]","stderr":true},"type":"standard_output"}
{"payload":{"local_timestamp":1729704584310,"message_id":216,"output":"\n","stderr":true},"type":"standard_output"}
{"payload":{"local_timestamp":1729704584329,"message_id":217,"output":"\r                 Class     Images  Instances          P          R      mAP50   mAP50-95:   0%|          | 0/1 [00:00<?, ?it/s]","stderr":true},"type":"standard_output"}
{"payload":{"local_timestamp":1729704584457,"message_id":218,"output":"\r                 Class     Images  Instances          P          R      mAP50   mAP50-95: 100%|\u2588\u2588\u2588\u2588\u2588\u2588\u2588\u2588\u2588\u2588| 1/1 [00:00<00:00,  7.86it/s]","stderr":true},"type":"standard_output"}
{"payload":{"local_timestamp":1729704584457,"message_id":219,"output":"\r                 Class     Images  Instances          P          R      mAP50   mAP50-95: 100%|\u2588\u2588\u2588\u2588\u2588\u2588\u2588\u2588\u2588\u2588| 1/1 [00:00<00:00,  7.86it/s]","stderr":true},"type":"standard_output"}
{"payload":{"local_timestamp":1729704584457,"message_id":220,"output":"\n","stderr":true},"type":"standard_output"}
{"payload":{"local_timestamp":1729704584460,"message_id":221,"output":"                   all          2          9          0          0          0          0\n","stderr":true},"type":"standard_output"}
{"payload":{"local_timestamp":1729704584476,"message_id":222,"param":{"paramName":"curr_epoch","paramValue":1,"source":"auto-logged","step":1}},"type":"parameter_msg"}
{"payload":{"local_timestamp":1729704584476,"message_id":223,"metric":{"epoch":1,"metricName":"metrics/mAP_0.5","metricValue":0.0,"step":1}},"type":"metric_msg"}
{"payload":{"local_timestamp":1729704584477,"message_id":224,"metric":{"epoch":1,"metricName":"metrics/mAP_0.5:0.95","metricValue":0.0,"step":1}},"type":"metric_msg"}
{"payload":{"local_timestamp":1729704584477,"message_id":225,"metric":{"epoch":1,"metricName":"metrics/precision","metricValue":0.0,"step":1}},"type":"metric_msg"}
{"payload":{"local_timestamp":1729704584477,"message_id":226,"metric":{"epoch":1,"metricName":"metrics/recall","metricValue":0.0,"step":1}},"type":"metric_msg"}
{"payload":{"local_timestamp":1729704584477,"message_id":227,"metric":{"epoch":1,"metricName":"train/box_loss","metricValue":0.11841139942407608,"step":1}},"type":"metric_msg"}
{"payload":{"local_timestamp":1729704584477,"message_id":228,"metric":{"epoch":1,"metricName":"train/cls_loss","metricValue":0.08436872810125351,"step":1}},"type":"metric_msg"}
{"payload":{"local_timestamp":1729704584477,"message_id":229,"metric":{"epoch":1,"metricName":"train/obj_loss","metricValue":0.07570454478263855,"step":1}},"type":"metric_msg"}
{"payload":{"local_timestamp":1729704584478,"message_id":230,"metric":{"epoch":1,"metricName":"val/box_loss","metricValue":0.11162223666906357,"step":1}},"type":"metric_msg"}
{"payload":{"local_timestamp":1729704584478,"message_id":231,"metric":{"epoch":1,"metricName":"val/cls_loss","metricValue":0.07648316025733948,"step":1}},"type":"metric_msg"}
{"payload":{"local_timestamp":1729704584478,"message_id":232,"metric":{"epoch":1,"metricName":"val/obj_loss","metricValue":0.03185272216796875,"step":1}},"type":"metric_msg"}
{"payload":{"local_timestamp":1729704584478,"message_id":233,"metric":{"epoch":1,"metricName":"x/lr0","metricValue":0.099067,"step":1}},"type":"metric_msg"}
{"payload":{"local_timestamp":1729704584478,"message_id":234,"metric":{"epoch":1,"metricName":"x/lr1","metricValue":6.7e-05,"step":1}},"type":"metric_msg"}
{"payload":{"local_timestamp":1729704584478,"message_id":235,"metric":{"epoch":1,"metricName":"x/lr2","metricValue":6.7e-05,"step":1}},"type":"metric_msg"}
{"payload":{"local_timestamp":1729704585105,"message_id":236,"output":"\n      Epoch    GPU_mem   box_loss   obj_loss   cls_loss  Instances       Size\n","stderr":true},"type":"standard_output"}
{"payload":{"local_timestamp":1729704585105,"message_id":237,"output":"\r  0%|          | 0/1 [00:00<?, ?it/s]","stderr":true},"type":"standard_output"}
{"payload":{"local_timestamp":1729704585106,"message_id":238,"output":"C:\\Users\\ericf\\OneDrive\\Documents\\Code\\NGC Hackweek\\yolov5\\train.py:412: FutureWarning: `torch.cuda.amp.autocast(args...)` is deprecated. Please use `torch.amp.autocast('cuda', args...)` instead.\n  with torch.cuda.amp.autocast(amp):\n","stderr":true},"type":"standard_output"}
{"payload":{"local_timestamp":1729704585207,"message_id":239,"param":{"paramName":"curr_step","paramValue":2,"source":"auto-logged","step":2}},"type":"parameter_msg"}
{"payload":{"local_timestamp":1729704585261,"message_id":240,"output":"\r        2/2       1.6G     0.1179    0.07605    0.08596        122        640:   0%|          | 0/1 [00:00<?, ?it/s]","stderr":true},"type":"standard_output"}
{"payload":{"local_timestamp":1729704585263,"message_id":241,"output":"\r        2/2       1.6G     0.1179    0.07605    0.08596        122        640: 100%|\u2588\u2588\u2588\u2588\u2588\u2588\u2588\u2588\u2588\u2588| 1/1 [00:00<00:00,  6.36it/s]","stderr":true},"type":"standard_output"}
{"payload":{"local_timestamp":1729704585263,"message_id":242,"output":"\r        2/2       1.6G     0.1179    0.07605    0.08596        122        640: 100%|\u2588\u2588\u2588\u2588\u2588\u2588\u2588\u2588\u2588\u2588| 1/1 [00:00<00:00,  6.32it/s]","stderr":true},"type":"standard_output"}
{"payload":{"local_timestamp":1729704585263,"message_id":243,"output":"\n","stderr":true},"type":"standard_output"}
{"payload":{"local_timestamp":1729704585284,"message_id":244,"output":"\r                 Class     Images  Instances          P          R      mAP50   mAP50-95:   0%|          | 0/1 [00:00<?, ?it/s]","stderr":true},"type":"standard_output"}
{"payload":{"local_timestamp":1729704585382,"message_id":245,"output":"\r                 Class     Images  Instances          P          R      mAP50   mAP50-95: 100%|\u2588\u2588\u2588\u2588\u2588\u2588\u2588\u2588\u2588\u2588| 1/1 [00:00<00:00, 10.26it/s]","stderr":true},"type":"standard_output"}
{"payload":{"local_timestamp":1729704585382,"message_id":246,"output":"\n","stderr":true},"type":"standard_output"}
{"payload":{"local_timestamp":1729704585382,"message_id":247,"output":"                   all          2          9          0          0          0          0\n","stderr":true},"type":"standard_output"}
{"payload":{"local_timestamp":1729704585396,"message_id":248,"param":{"paramName":"curr_epoch","paramValue":2,"source":"auto-logged","step":2}},"type":"parameter_msg"}
{"payload":{"local_timestamp":1729704585396,"message_id":249,"metric":{"epoch":2,"metricName":"metrics/mAP_0.5","metricValue":0.0,"step":2}},"type":"metric_msg"}
{"payload":{"local_timestamp":1729704585396,"message_id":250,"metric":{"epoch":2,"metricName":"metrics/mAP_0.5:0.95","metricValue":0.0,"step":2}},"type":"metric_msg"}
{"payload":{"local_timestamp":1729704585396,"message_id":251,"metric":{"epoch":2,"metricName":"metrics/precision","metricValue":0.0,"step":2}},"type":"metric_msg"}
{"payload":{"local_timestamp":1729704585396,"message_id":252,"metric":{"epoch":2,"metricName":"metrics/recall","metricValue":0.0,"step":2}},"type":"metric_msg"}
{"payload":{"local_timestamp":1729704585396,"message_id":253,"metric":{"epoch":2,"metricName":"train/box_loss","metricValue":0.11792262643575668,"step":2}},"type":"metric_msg"}
{"payload":{"local_timestamp":1729704585397,"message_id":254,"metric":{"epoch":2,"metricName":"train/cls_loss","metricValue":0.08595775067806244,"step":2}},"type":"metric_msg"}
{"payload":{"local_timestamp":1729704585397,"message_id":255,"metric":{"epoch":2,"metricName":"train/obj_loss","metricValue":0.07605338096618652,"step":2}},"type":"metric_msg"}
{"payload":{"local_timestamp":1729704585397,"message_id":256,"metric":{"epoch":2,"metricName":"val/box_loss","metricValue":0.11143934726715088,"step":2}},"type":"metric_msg"}
{"payload":{"local_timestamp":1729704585397,"message_id":257,"metric":{"epoch":2,"metricName":"val/cls_loss","metricValue":0.07648316025733948,"step":2}},"type":"metric_msg"}
{"payload":{"local_timestamp":1729704585397,"message_id":258,"metric":{"epoch":2,"metricName":"val/obj_loss","metricValue":0.03173065185546875,"step":2}},"type":"metric_msg"}
{"payload":{"local_timestamp":1729704585397,"message_id":259,"metric":{"epoch":2,"metricName":"x/lr0","metricValue":0.098068,"step":2}},"type":"metric_msg"}
{"payload":{"local_timestamp":1729704585397,"message_id":260,"metric":{"epoch":2,"metricName":"x/lr1","metricValue":6.8e-05,"step":2}},"type":"metric_msg"}
{"payload":{"local_timestamp":1729704585397,"message_id":261,"metric":{"epoch":2,"metricName":"x/lr2","metricValue":6.8e-05,"step":2}},"type":"metric_msg"}
{"payload":{"local_timestamp":1729704585847,"message_id":262,"output":"\n3 epochs completed in 0.003 hours.\n","stderr":true},"type":"standard_output"}
{"payload":{"local_timestamp":1729704585965,"message_id":263,"output":"Optimizer stripped from yolov5\\runs\\train\\exp9\\weights\\last.pt, 14.6MB\n","stderr":true},"type":"standard_output"}
{"payload":{"local_timestamp":1729704586066,"message_id":264,"output":"Optimizer stripped from yolov5\\runs\\train\\exp9\\weights\\best.pt, 14.6MB\n","stderr":true},"type":"standard_output"}
{"payload":{"local_timestamp":1729704586068,"message_id":265,"output":"\nValidating yolov5\\runs\\train\\exp9\\weights\\best.pt...\n","stderr":true},"type":"standard_output"}
{"payload":{"local_timestamp":1729704586130,"message_id":266,"output":"Fusing layers... \n","stderr":true},"type":"standard_output"}
{"payload":{"local_timestamp":1729704586366,"message_id":267,"output":"Model summary: 157 layers, 7074853 parameters, 0 gradients, 16.0 GFLOPs\n","stderr":true},"type":"standard_output"}
{"payload":{"local_timestamp":1729704586376,"message_id":268,"output":"\r                 Class     Images  Instances          P          R      mAP50   mAP50-95:   0%|          | 0/1 [00:00<?, ?it/s]","stderr":true},"type":"standard_output"}
{"payload":{"local_timestamp":1729704586453,"message_id":269,"output":"\r                 Class     Images  Instances          P          R      mAP50   mAP50-95: 100%|\u2588\u2588\u2588\u2588\u2588\u2588\u2588\u2588\u2588\u2588| 1/1 [00:00<00:00, 12.97it/s]","stderr":true},"type":"standard_output"}
{"payload":{"local_timestamp":1729704586453,"message_id":270,"output":"\n","stderr":true},"type":"standard_output"}
{"payload":{"local_timestamp":1729704586454,"message_id":271,"output":"                   all          2          9          0          0          0          0\n","stderr":true},"type":"standard_output"}
{"payload":{"additional_params":{"assetId":"bc49185848ec4cb5872d5ac8f61b1ae7","context":null,"epoch":2,"extension":"json","fileName":"confusion-matrix-epoch-2.json","overwrite":false,"runId":null,"step":2,"type":"confusion-matrix"},"clean":true,"file_path":"tmpzwg6ta7q","local_timestamp":1729704587057,"message_id":272,"metadata":{},"upload_type":"confusion-matrix"},"type":"file_upload"}
{"payload":{"local_timestamp":1729704588077,"message_id":273,"output":"Results saved to \u001b[1myolov5\\runs\\train\\exp9\u001b[0m\n","stderr":true},"type":"standard_output"}
{"payload":{"additional_params":{"assetId":"8070105d987440d1bce564a1e6267d9d","context":null,"epoch":2,"extension":"json","fileName":"image-metadata.json","overwrite":false,"runId":null,"step":2},"clean":true,"file_path":"tmpu5iatr72","local_timestamp":1729704588078,"message_id":274,"metadata":{},"upload_type":"asset"},"type":"file_upload"}
{"payload":{"additional_params":{"assetId":"0f778d419e87426591933954c634fa40","context":null,"extension":"png","fileName":"results.png","overwrite":false,"runId":null,"step":2},"clean":true,"file_path":"tmpsav2vy6g","local_timestamp":1729704588083,"message_id":275,"metadata":{"epoch":2},"upload_type":"asset"},"type":"file_upload"}
{"payload":{"additional_params":{"assetId":"e910acaa2fee4fca93fee70e1f2bc838","context":null,"extension":"png","fileName":"confusion_matrix.png","overwrite":false,"runId":null,"step":2},"clean":true,"file_path":"tmpshe5o5oo","local_timestamp":1729704588090,"message_id":276,"metadata":{"epoch":2},"upload_type":"asset"},"type":"file_upload"}
{"payload":{"additional_params":{"assetId":"73545d942bc54a0281ced40c4d94dd65","context":null,"extension":"csv","fileName":"results.csv","overwrite":false,"runId":null,"step":2},"clean":true,"file_path":"tmpgmxt_2hz","local_timestamp":1729704588091,"message_id":277,"metadata":{"epoch":2},"upload_type":"asset"},"type":"file_upload"}
{"payload":{"key":"Created from","message_id":278,"value":"pytorch"},"type":"log_other"}
{"payload":{"local_timestamp":1729704588093,"message_id":279,"output":"\u001b[1;38;5;39mCOMET INFO:\u001b[0m ---------------------------------------------------------------------------------------\n","stderr":true},"type":"standard_output"}
{"payload":{"local_timestamp":1729704588093,"message_id":280,"output":"\u001b[1;38;5;39mCOMET INFO:\u001b[0m Comet.ml OfflineExperiment Summary\n","stderr":true},"type":"standard_output"}
{"payload":{"local_timestamp":1729704588093,"message_id":281,"output":"\u001b[1;38;5;39mCOMET INFO:\u001b[0m ---------------------------------------------------------------------------------------\n","stderr":true},"type":"standard_output"}
{"payload":{"local_timestamp":1729704588094,"message_id":282,"output":"\u001b[1;38;5;39mCOMET INFO:\u001b[0m   Data:\n","stderr":true},"type":"standard_output"}
{"payload":{"local_timestamp":1729704588094,"message_id":283,"output":"\u001b[1;38;5;39mCOMET INFO:\u001b[0m     display_summary_level : 1\n","stderr":true},"type":"standard_output"}
{"payload":{"local_timestamp":1729704588094,"message_id":284,"output":"\u001b[1;38;5;39mCOMET INFO:\u001b[0m     name                  : exp\n","stderr":true},"type":"standard_output"}
{"payload":{"local_timestamp":1729704588094,"message_id":285,"output":"\u001b[1;38;5;39mCOMET INFO:\u001b[0m     url                   : [OfflineExperiment will get URL after upload]\n","stderr":true},"type":"standard_output"}
{"payload":{"local_timestamp":1729704588095,"message_id":286,"output":"\u001b[1;38;5;39mCOMET INFO:\u001b[0m   Metrics [count] (min, max):\n","stderr":true},"type":"standard_output"}
{"payload":{"local_timestamp":1729704588095,"message_id":287,"output":"\u001b[1;38;5;39mCOMET INFO:\u001b[0m     loss                 : 2.307932138442993\n","stderr":true},"type":"standard_output"}
{"payload":{"local_timestamp":1729704588095,"message_id":288,"output":"\u001b[1;38;5;39mCOMET INFO:\u001b[0m     metrics/mAP_0.5      : 0.0\n","stderr":true},"type":"standard_output"}
{"payload":{"local_timestamp":1729704588095,"message_id":289,"output":"\u001b[1;38;5;39mCOMET INFO:\u001b[0m     metrics/mAP_0.5:0.95 : 0.0\n","stderr":true},"type":"standard_output"}
{"payload":{"local_timestamp":1729704588095,"message_id":290,"output":"\u001b[1;38;5;39mCOMET INFO:\u001b[0m     metrics/precision    : 0.0\n","stderr":true},"type":"standard_output"}
{"payload":{"local_timestamp":1729704588095,"message_id":291,"output":"\u001b[1;38;5;39mCOMET INFO:\u001b[0m     metrics/recall       : 0.0\n","stderr":true},"type":"standard_output"}
{"payload":{"local_timestamp":1729704588095,"message_id":292,"output":"\u001b[1;38;5;39mCOMET INFO:\u001b[0m     train/box_loss [3]   : (0.11792262643575668, 0.11850444227457047)\n","stderr":true},"type":"standard_output"}
{"payload":{"local_timestamp":1729704588095,"message_id":293,"output":"\u001b[1;38;5;39mCOMET INFO:\u001b[0m     train/cls_loss [3]   : (0.08436872810125351, 0.08697681128978729)\n","stderr":true},"type":"standard_output"}
{"payload":{"local_timestamp":1729704588097,"message_id":294,"output":"\u001b[1;38;5;39mCOMET INFO:\u001b[0m     train/obj_loss [3]   : (0.07570454478263855, 0.12422330677509308)\n","stderr":true},"type":"standard_output"}
{"payload":{"local_timestamp":1729704588097,"message_id":295,"output":"\u001b[1;38;5;39mCOMET INFO:\u001b[0m     val/box_loss [3]     : (0.11143934726715088, 0.11162223666906357)\n","stderr":true},"type":"standard_output"}
{"payload":{"local_timestamp":1729704588097,"message_id":296,"output":"\u001b[1;38;5;39mCOMET INFO:\u001b[0m     val/cls_loss [3]     : (0.07648316025733948, 0.07650146633386612)\n","stderr":true},"type":"standard_output"}
{"payload":{"local_timestamp":1729704588097,"message_id":297,"output":"\u001b[1;38;5;39mCOMET INFO:\u001b[0m     val/obj_loss [3]     : (0.03173065185546875, 0.0319671630859375)\n","stderr":true},"type":"standard_output"}
{"payload":{"local_timestamp":1729704588097,"message_id":298,"output":"\u001b[1;38;5;39mCOMET INFO:\u001b[0m     x/lr0 [3]            : (0.098068, 0.1)\n","stderr":true},"type":"standard_output"}
{"payload":{"local_timestamp":1729704588098,"message_id":299,"output":"\u001b[1;38;5;39mCOMET INFO:\u001b[0m     x/lr1 [3]            : (0.0, 6.8e-05)\n","stderr":true},"type":"standard_output"}
{"payload":{"local_timestamp":1729704588098,"message_id":300,"output":"\u001b[1;38;5;39mCOMET INFO:\u001b[0m     x/lr2 [3]            : (0.0, 6.8e-05)\n","stderr":true},"type":"standard_output"}
{"payload":{"local_timestamp":1729704588098,"message_id":301,"output":"\u001b[1;38;5;39mCOMET INFO:\u001b[0m   Others:\n","stderr":true},"type":"standard_output"}
{"payload":{"local_timestamp":1729704588098,"message_id":302,"output":"\u001b[1;38;5;39mCOMET INFO:\u001b[0m     Name                        : exp\n","stderr":true},"type":"standard_output"}
{"payload":{"local_timestamp":1729704588098,"message_id":303,"output":"\u001b[1;38;5;39mCOMET INFO:\u001b[0m     comet_log_batch_metrics     : False\n","stderr":true},"type":"standard_output"}
{"payload":{"local_timestamp":1729704588099,"message_id":304,"output":"\u001b[1;38;5;39mCOMET INFO:\u001b[0m     comet_log_confusion_matrix  : True\n","stderr":true},"type":"standard_output"}
{"payload":{"local_timestamp":1729704588099,"message_id":305,"output":"\u001b[1;38;5;39mCOMET INFO:\u001b[0m     comet_log_per_class_metrics : False\n","stderr":true},"type":"standard_output"}
{"payload":{"local_timestamp":1729704588099,"message_id":306,"output":"\u001b[1;38;5;39mCOMET INFO:\u001b[0m     comet_max_image_uploads     : 100\n","stderr":true},"type":"standard_output"}
{"payload":{"local_timestamp":1729704588100,"message_id":307,"output":"\u001b[1;38;5;39mCOMET INFO:\u001b[0m     comet_mode                  : online\n","stderr":true},"type":"standard_output"}
{"payload":{"local_timestamp":1729704588100,"message_id":308,"output":"\u001b[1;38;5;39mCOMET INFO:\u001b[0m     comet_model_name            : yolov5\n","stderr":true},"type":"standard_output"}
{"payload":{"local_timestamp":1729704588100,"message_id":309,"output":"\u001b[1;38;5;39mCOMET INFO:\u001b[0m     hasNestedParams             : True\n","stderr":true},"type":"standard_output"}
{"payload":{"local_timestamp":1729704588100,"message_id":310,"output":"\u001b[1;38;5;39mCOMET INFO:\u001b[0m     offline_experiment          : True\n","stderr":true},"type":"standard_output"}
{"payload":{"local_timestamp":1729704588100,"message_id":311,"output":"\u001b[1;38;5;39mCOMET INFO:\u001b[0m   Parameters:\n","stderr":true},"type":"standard_output"}
{"payload":{"local_timestamp":1729704588101,"message_id":312,"output":"\u001b[1;38;5;39mCOMET INFO:\u001b[0m     anchor_t            : 4.0\n","stderr":true},"type":"standard_output"}
{"payload":{"local_timestamp":1729704588101,"message_id":313,"output":"\u001b[1;38;5;39mCOMET INFO:\u001b[0m     artifact_alias      : latest\n","stderr":true},"type":"standard_output"}
{"payload":{"local_timestamp":1729704588101,"message_id":314,"output":"\u001b[1;38;5;39mCOMET INFO:\u001b[0m     batch_size          : 16\n","stderr":true},"type":"standard_output"}
{"payload":{"local_timestamp":1729704588101,"message_id":315,"output":"\u001b[1;38;5;39mCOMET INFO:\u001b[0m     bbox_interval       : -1\n","stderr":true},"type":"standard_output"}
{"payload":{"local_timestamp":1729704588101,"message_id":316,"output":"\u001b[1;38;5;39mCOMET INFO:\u001b[0m     box                 : 0.05\n","stderr":true},"type":"standard_output"}
{"payload":{"local_timestamp":1729704588101,"message_id":317,"output":"\u001b[1;38;5;39mCOMET INFO:\u001b[0m     bucket              : \n","stderr":true},"type":"standard_output"}
{"payload":{"local_timestamp":1729704588102,"message_id":318,"output":"\u001b[1;38;5;39mCOMET INFO:\u001b[0m     cache               : None\n","stderr":true},"type":"standard_output"}
{"payload":{"local_timestamp":1729704588102,"message_id":319,"output":"\u001b[1;38;5;39mCOMET INFO:\u001b[0m     cfg                 : \n","stderr":true},"type":"standard_output"}
{"payload":{"local_timestamp":1729704588102,"message_id":320,"output":"\u001b[1;38;5;39mCOMET INFO:\u001b[0m     cls                 : 0.15\n","stderr":true},"type":"standard_output"}
{"payload":{"local_timestamp":1729704588102,"message_id":321,"output":"\u001b[1;38;5;39mCOMET INFO:\u001b[0m     cls_pw              : 1.0\n","stderr":true},"type":"standard_output"}
{"payload":{"local_timestamp":1729704588102,"message_id":322,"output":"\u001b[1;38;5;39mCOMET INFO:\u001b[0m     copy_paste          : 0.0\n","stderr":true},"type":"standard_output"}
{"payload":{"local_timestamp":1729704588103,"message_id":323,"output":"\u001b[1;38;5;39mCOMET INFO:\u001b[0m     cos_lr              : False\n","stderr":true},"type":"standard_output"}
{"payload":{"local_timestamp":1729704588103,"message_id":324,"output":"\u001b[1;38;5;39mCOMET INFO:\u001b[0m     degrees             : 0.0\n","stderr":true},"type":"standard_output"}
{"payload":{"local_timestamp":1729704588103,"message_id":325,"output":"\u001b[1;38;5;39mCOMET INFO:\u001b[0m     entity              : None\n","stderr":true},"type":"standard_output"}
{"payload":{"local_timestamp":1729704588103,"message_id":326,"output":"\u001b[1;38;5;39mCOMET INFO:\u001b[0m     evolve              : None\n","stderr":true},"type":"standard_output"}
{"payload":{"local_timestamp":1729704588103,"message_id":327,"output":"\u001b[1;38;5;39mCOMET INFO:\u001b[0m     evolve_population   : yolov5\\data\\hyps\n","stderr":true},"type":"standard_output"}
{"payload":{"local_timestamp":1729704588103,"message_id":328,"output":"\u001b[1;38;5;39mCOMET INFO:\u001b[0m     exist_ok            : False\n","stderr":true},"type":"standard_output"}
{"payload":{"local_timestamp":1729704588103,"message_id":329,"output":"\u001b[1;38;5;39mCOMET INFO:\u001b[0m     fl_gamma            : 0.0\n","stderr":true},"type":"standard_output"}
{"payload":{"local_timestamp":1729704588103,"message_id":330,"output":"\u001b[1;38;5;39mCOMET INFO:\u001b[0m     fliplr              : 0.5\n","stderr":true},"type":"standard_output"}
{"payload":{"local_timestamp":1729704588104,"message_id":331,"output":"\u001b[1;38;5;39mCOMET INFO:\u001b[0m     flipud              : 0.0\n","stderr":true},"type":"standard_output"}
{"payload":{"local_timestamp":1729704588104,"message_id":332,"output":"\u001b[1;38;5;39mCOMET INFO:\u001b[0m     freeze              : [0]\n","stderr":true},"type":"standard_output"}
{"payload":{"local_timestamp":1729704588104,"message_id":333,"output":"\u001b[1;38;5;39mCOMET INFO:\u001b[0m     hsv_h               : 0.015\n","stderr":true},"type":"standard_output"}
{"payload":{"local_timestamp":1729704588104,"message_id":334,"output":"\u001b[1;38;5;39mCOMET INFO:\u001b[0m     hsv_s               : 0.7\n","stderr":true},"type":"standard_output"}
{"payload":{"local_timestamp":1729704588104,"message_id":335,"output":"\u001b[1;38;5;39mCOMET INFO:\u001b[0m     hsv_v               : 0.4\n","stderr":true},"type":"standard_output"}
{"payload":{"local_timestamp":1729704588105,"message_id":336,"output":"\u001b[1;38;5;39mCOMET INFO:\u001b[0m     hyp|anchor_t        : 4.0\n","stderr":true},"type":"standard_output"}
{"payload":{"local_timestamp":1729704588105,"message_id":337,"output":"\u001b[1;38;5;39mCOMET INFO:\u001b[0m     hyp|box             : 0.05\n","stderr":true},"type":"standard_output"}
{"payload":{"local_timestamp":1729704588105,"message_id":338,"output":"\u001b[1;38;5;39mCOMET INFO:\u001b[0m     hyp|cls             : 0.5\n","stderr":true},"type":"standard_output"}
{"payload":{"local_timestamp":1729704588105,"message_id":339,"output":"\u001b[1;38;5;39mCOMET INFO:\u001b[0m     hyp|cls_pw          : 1.0\n","stderr":true},"type":"standard_output"}
{"payload":{"local_timestamp":1729704588105,"message_id":340,"output":"\u001b[1;38;5;39mCOMET INFO:\u001b[0m     hyp|copy_paste      : 0.0\n","stderr":true},"type":"standard_output"}
{"payload":{"local_timestamp":1729704588105,"message_id":341,"output":"\u001b[1;38;5;39mCOMET INFO:\u001b[0m     hyp|degrees         : 0.0\n","stderr":true},"type":"standard_output"}
{"payload":{"local_timestamp":1729704588105,"message_id":342,"output":"\u001b[1;38;5;39mCOMET INFO:\u001b[0m     hyp|fl_gamma        : 0.0\n","stderr":true},"type":"standard_output"}
{"payload":{"local_timestamp":1729704588105,"message_id":343,"output":"\u001b[1;38;5;39mCOMET INFO:\u001b[0m     hyp|fliplr          : 0.5\n","stderr":true},"type":"standard_output"}
{"payload":{"local_timestamp":1729704588107,"message_id":344,"output":"\u001b[1;38;5;39mCOMET INFO:\u001b[0m     hyp|flipud          : 0.0\n","stderr":true},"type":"standard_output"}
{"payload":{"local_timestamp":1729704588107,"message_id":345,"output":"\u001b[1;38;5;39mCOMET INFO:\u001b[0m     hyp|hsv_h           : 0.015\n","stderr":true},"type":"standard_output"}
{"payload":{"local_timestamp":1729704588107,"message_id":346,"output":"\u001b[1;38;5;39mCOMET INFO:\u001b[0m     hyp|hsv_s           : 0.7\n","stderr":true},"type":"standard_output"}
{"payload":{"local_timestamp":1729704588107,"message_id":347,"output":"\u001b[1;38;5;39mCOMET INFO:\u001b[0m     hyp|hsv_v           : 0.4\n","stderr":true},"type":"standard_output"}
{"payload":{"local_timestamp":1729704588107,"message_id":348,"output":"\u001b[1;38;5;39mCOMET INFO:\u001b[0m     hyp|iou_t           : 0.2\n","stderr":true},"type":"standard_output"}
{"payload":{"local_timestamp":1729704588107,"message_id":349,"output":"\u001b[1;38;5;39mCOMET INFO:\u001b[0m     hyp|lr0             : 0.01\n","stderr":true},"type":"standard_output"}
{"payload":{"local_timestamp":1729704588107,"message_id":350,"output":"\u001b[1;38;5;39mCOMET INFO:\u001b[0m     hyp|lrf             : 0.01\n","stderr":true},"type":"standard_output"}
{"payload":{"local_timestamp":1729704588107,"message_id":351,"output":"\u001b[1;38;5;39mCOMET INFO:\u001b[0m     hyp|mixup           : 0.0\n","stderr":true},"type":"standard_output"}
{"payload":{"local_timestamp":1729704588108,"message_id":352,"output":"\u001b[1;38;5;39mCOMET INFO:\u001b[0m     hyp|momentum        : 0.937\n","stderr":true},"type":"standard_output"}
{"payload":{"local_timestamp":1729704588108,"message_id":353,"output":"\u001b[1;38;5;39mCOMET INFO:\u001b[0m     hyp|mosaic          : 1.0\n","stderr":true},"type":"standard_output"}
{"payload":{"local_timestamp":1729704588108,"message_id":354,"output":"\u001b[1;38;5;39mCOMET INFO:\u001b[0m     hyp|obj             : 1.0\n","stderr":true},"type":"standard_output"}
{"payload":{"local_timestamp":1729704588108,"message_id":355,"output":"\u001b[1;38;5;39mCOMET INFO:\u001b[0m     hyp|obj_pw          : 1.0\n","stderr":true},"type":"standard_output"}
{"payload":{"local_timestamp":1729704588108,"message_id":356,"output":"\u001b[1;38;5;39mCOMET INFO:\u001b[0m     hyp|perspective     : 0.0\n","stderr":true},"type":"standard_output"}
{"payload":{"local_timestamp":1729704588109,"message_id":357,"output":"\u001b[1;38;5;39mCOMET INFO:\u001b[0m     hyp|scale           : 0.5\n","stderr":true},"type":"standard_output"}
{"payload":{"local_timestamp":1729704588109,"message_id":358,"output":"\u001b[1;38;5;39mCOMET INFO:\u001b[0m     hyp|shear           : 0.0\n","stderr":true},"type":"standard_output"}
{"payload":{"local_timestamp":1729704588109,"message_id":359,"output":"\u001b[1;38;5;39mCOMET INFO:\u001b[0m     hyp|translate       : 0.1\n","stderr":true},"type":"standard_output"}
{"payload":{"local_timestamp":1729704588109,"message_id":360,"output":"\u001b[1;38;5;39mCOMET INFO:\u001b[0m     hyp|warmup_bias_lr  : 0.1\n","stderr":true},"type":"standard_output"}
{"payload":{"local_timestamp":1729704588109,"message_id":361,"output":"\u001b[1;38;5;39mCOMET INFO:\u001b[0m     hyp|warmup_epochs   : 3.0\n","stderr":true},"type":"standard_output"}
{"payload":{"local_timestamp":1729704588110,"message_id":362,"output":"\u001b[1;38;5;39mCOMET INFO:\u001b[0m     hyp|warmup_momentum : 0.8\n","stderr":true},"type":"standard_output"}
{"payload":{"local_timestamp":1729704588110,"message_id":363,"output":"\u001b[1;38;5;39mCOMET INFO:\u001b[0m     hyp|weight_decay    : 0.0005\n","stderr":true},"type":"standard_output"}
{"payload":{"local_timestamp":1729704588110,"message_id":364,"output":"\u001b[1;38;5;39mCOMET INFO:\u001b[0m     image_weights       : False\n","stderr":true},"type":"standard_output"}
{"payload":{"local_timestamp":1729704588110,"message_id":365,"output":"\u001b[1;38;5;39mCOMET INFO:\u001b[0m     imgsz               : 640\n","stderr":true},"type":"standard_output"}
{"payload":{"local_timestamp":1729704588110,"message_id":366,"output":"\u001b[1;38;5;39mCOMET INFO:\u001b[0m     iou_t               : 0.2\n","stderr":true},"type":"standard_output"}
{"payload":{"local_timestamp":1729704588111,"message_id":367,"output":"\u001b[1;38;5;39mCOMET INFO:\u001b[0m     label_smoothing     : 0.0\n","stderr":true},"type":"standard_output"}
{"payload":{"local_timestamp":1729704588111,"message_id":368,"output":"\u001b[1;38;5;39mCOMET INFO:\u001b[0m     local_rank          : -1\n","stderr":true},"type":"standard_output"}
{"payload":{"local_timestamp":1729704588111,"message_id":369,"output":"\u001b[1;38;5;39mCOMET INFO:\u001b[0m     lr0                 : 0.01\n","stderr":true},"type":"standard_output"}
{"payload":{"local_timestamp":1729704588111,"message_id":370,"output":"\u001b[1;38;5;39mCOMET INFO:\u001b[0m     lrf                 : 0.01\n","stderr":true},"type":"standard_output"}
{"payload":{"local_timestamp":1729704588111,"message_id":371,"output":"\u001b[1;38;5;39mCOMET INFO:\u001b[0m     mixup               : 0.0\n","stderr":true},"type":"standard_output"}
{"payload":{"local_timestamp":1729704588111,"message_id":372,"output":"\u001b[1;38;5;39mCOMET INFO:\u001b[0m     momentum            : 0.937\n","stderr":true},"type":"standard_output"}
{"payload":{"local_timestamp":1729704588112,"message_id":373,"output":"\u001b[1;38;5;39mCOMET INFO:\u001b[0m     mosaic              : 1.0\n","stderr":true},"type":"standard_output"}
{"payload":{"local_timestamp":1729704588112,"message_id":374,"output":"\u001b[1;38;5;39mCOMET INFO:\u001b[0m     multi_scale         : False\n","stderr":true},"type":"standard_output"}
{"payload":{"local_timestamp":1729704588112,"message_id":375,"output":"\u001b[1;38;5;39mCOMET INFO:\u001b[0m     name                : exp\n","stderr":true},"type":"standard_output"}
{"payload":{"local_timestamp":1729704588112,"message_id":376,"output":"\u001b[1;38;5;39mCOMET INFO:\u001b[0m     ndjson_console      : False\n","stderr":true},"type":"standard_output"}
{"payload":{"local_timestamp":1729704588112,"message_id":377,"output":"\u001b[1;38;5;39mCOMET INFO:\u001b[0m     ndjson_file         : False\n","stderr":true},"type":"standard_output"}
{"payload":{"local_timestamp":1729704588112,"message_id":378,"output":"\u001b[1;38;5;39mCOMET INFO:\u001b[0m     noautoanchor        : False\n","stderr":true},"type":"standard_output"}
{"payload":{"local_timestamp":1729704588113,"message_id":379,"output":"\u001b[1;38;5;39mCOMET INFO:\u001b[0m     noplots             : False\n","stderr":true},"type":"standard_output"}
{"payload":{"local_timestamp":1729704588113,"message_id":380,"output":"\u001b[1;38;5;39mCOMET INFO:\u001b[0m     nosave              : False\n","stderr":true},"type":"standard_output"}
{"payload":{"local_timestamp":1729704588113,"message_id":381,"output":"\u001b[1;38;5;39mCOMET INFO:\u001b[0m     noval               : False\n","stderr":true},"type":"standard_output"}
{"payload":{"local_timestamp":1729704588113,"message_id":382,"output":"\u001b[1;38;5;39mCOMET INFO:\u001b[0m     obj                 : 1.0\n","stderr":true},"type":"standard_output"}
{"payload":{"local_timestamp":1729704588113,"message_id":383,"output":"\u001b[1;38;5;39mCOMET INFO:\u001b[0m     obj_pw              : 1.0\n","stderr":true},"type":"standard_output"}
{"payload":{"local_timestamp":1729704588113,"message_id":384,"output":"\u001b[1;38;5;39mCOMET INFO:\u001b[0m     optimizer           : SGD\n","stderr":true},"type":"standard_output"}
{"payload":{"local_timestamp":1729704588114,"message_id":385,"output":"\u001b[1;38;5;39mCOMET INFO:\u001b[0m     patience            : 100\n","stderr":true},"type":"standard_output"}
{"payload":{"local_timestamp":1729704588114,"message_id":386,"output":"\u001b[1;38;5;39mCOMET INFO:\u001b[0m     perspective         : 0.0\n","stderr":true},"type":"standard_output"}
{"payload":{"local_timestamp":1729704588114,"message_id":387,"output":"\u001b[1;38;5;39mCOMET INFO:\u001b[0m     project             : yolov5\\runs\\train\n","stderr":true},"type":"standard_output"}
{"payload":{"local_timestamp":1729704588115,"message_id":388,"output":"\u001b[1;38;5;39mCOMET INFO:\u001b[0m     quad                : False\n","stderr":true},"type":"standard_output"}
{"payload":{"local_timestamp":1729704588115,"message_id":389,"output":"\u001b[1;38;5;39mCOMET INFO:\u001b[0m     rect                : False\n","stderr":true},"type":"standard_output"}
{"payload":{"local_timestamp":1729704588115,"message_id":390,"output":"\u001b[1;38;5;39mCOMET INFO:\u001b[0m     resume              : False\n","stderr":true},"type":"standard_output"}
{"payload":{"local_timestamp":1729704588115,"message_id":391,"output":"\u001b[1;38;5;39mCOMET INFO:\u001b[0m     resume_evolve       : None\n","stderr":true},"type":"standard_output"}
{"payload":{"local_timestamp":1729704588115,"message_id":392,"output":"\u001b[1;38;5;39mCOMET INFO:\u001b[0m     save_dir            : yolov5\\runs\\train\\exp9\n","stderr":true},"type":"standard_output"}
{"payload":{"local_timestamp":1729704588115,"message_id":393,"output":"\u001b[1;38;5;39mCOMET INFO:\u001b[0m     save_period         : -1\n","stderr":true},"type":"standard_output"}
{"payload":{"local_timestamp":1729704588116,"message_id":394,"output":"\u001b[1;38;5;39mCOMET INFO:\u001b[0m     scale               : 0.5\n","stderr":true},"type":"standard_output"}
{"payload":{"local_timestamp":1729704588116,"message_id":395,"output":"\u001b[1;38;5;39mCOMET INFO:\u001b[0m     seed                : 0\n","stderr":true},"type":"standard_output"}
{"payload":{"local_timestamp":1729704588116,"message_id":396,"output":"\u001b[1;38;5;39mCOMET INFO:\u001b[0m     shear               : 0.0\n","stderr":true},"type":"standard_output"}
{"payload":{"local_timestamp":1729704588117,"message_id":397,"output":"\u001b[1;38;5;39mCOMET INFO:\u001b[0m     single_cls          : False\n","stderr":true},"type":"standard_output"}
{"payload":{"local_timestamp":1729704588117,"message_id":398,"output":"\u001b[1;38;5;39mCOMET INFO:\u001b[0m     sync_bn             : False\n","stderr":true},"type":"standard_output"}
{"payload":{"local_timestamp":1729704588117,"message_id":399,"output":"\u001b[1;38;5;39mCOMET INFO:\u001b[0m     translate           : 0.1\n","stderr":true},"type":"standard_output"}
{"payload":{"local_timestamp":1729704588117,"message_id":400,"output":"\u001b[1;38;5;39mCOMET INFO:\u001b[0m     upload_dataset      : False\n","stderr":true},"type":"standard_output"}
{"payload":{"local_timestamp":1729704588117,"message_id":401,"output":"\u001b[1;38;5;39mCOMET INFO:\u001b[0m     val_conf_threshold  : 0.001\n","stderr":true},"type":"standard_output"}
{"payload":{"local_timestamp":1729704588117,"message_id":402,"output":"\u001b[1;38;5;39mCOMET INFO:\u001b[0m     val_iou_threshold   : 0.6\n","stderr":true},"type":"standard_output"}
{"payload":{"local_timestamp":1729704588117,"message_id":403,"output":"\u001b[1;38;5;39mCOMET INFO:\u001b[0m     warmup_bias_lr      : 0.1\n","stderr":true},"type":"standard_output"}
{"payload":{"local_timestamp":1729704588117,"message_id":404,"output":"\u001b[1;38;5;39mCOMET INFO:\u001b[0m     warmup_epochs       : 3.0\n","stderr":true},"type":"standard_output"}
{"payload":{"local_timestamp":1729704588118,"message_id":405,"output":"\u001b[1;38;5;39mCOMET INFO:\u001b[0m     warmup_momentum     : 0.8\n","stderr":true},"type":"standard_output"}
{"payload":{"local_timestamp":1729704588118,"message_id":406,"output":"\u001b[1;38;5;39mCOMET INFO:\u001b[0m     weight_decay        : 0.0005\n","stderr":true},"type":"standard_output"}
{"payload":{"local_timestamp":1729704588118,"message_id":407,"output":"\u001b[1;38;5;39mCOMET INFO:\u001b[0m     workers             : 8\n","stderr":true},"type":"standard_output"}
{"payload":{"local_timestamp":1729704588118,"message_id":408,"output":"\u001b[1;38;5;39mCOMET INFO:\u001b[0m   Uploads:\n","stderr":true},"type":"standard_output"}
{"payload":{"local_timestamp":1729704588118,"message_id":409,"output":"\u001b[1;38;5;39mCOMET INFO:\u001b[0m     asset               : 9 (790.79 KB)\n","stderr":true},"type":"standard_output"}
{"payload":{"local_timestamp":1729704588119,"message_id":410,"output":"\u001b[1;38;5;39mCOMET INFO:\u001b[0m     confusion-matrix    : 1\n","stderr":true},"type":"standard_output"}
{"payload":{"local_timestamp":1729704588119,"message_id":411,"output":"\u001b[1;38;5;39mCOMET INFO:\u001b[0m     environment details : 1\n","stderr":true},"type":"standard_output"}
{"payload":{"local_timestamp":1729704588119,"message_id":412,"output":"\u001b[1;38;5;39mCOMET INFO:\u001b[0m     installed packages  : 1\n","stderr":true},"type":"standard_output"}
{"payload":{"local_timestamp":1729704588119,"message_id":413,"output":"\u001b[1;38;5;39mCOMET INFO:\u001b[0m     model graph         : 1\n","stderr":true},"type":"standard_output"}
{"payload":{"local_timestamp":1729704588119,"message_id":414,"output":"\u001b[1;38;5;39mCOMET INFO:\u001b[0m \n","stderr":true},"type":"standard_output"}
