{"payload":{"installed_packages":["attrs==24.2.0","autocommand==2.2.2","backports.tarfile==1.2.0","certifi==2024.8.30","charset-normalizer==3.4.0","colorama==0.4.6","comet-ml==3.47.1","configobj==5.0.9","contourpy==1.3.0","cycler==0.12.1","dulwich==0.22.3","everett==3.1.0","filelock==3.16.1","filetype==1.2.0","fonttools==4.54.1","fsspec==2024.10.0","gitdb==4.0.11","gitpython==3.1.43","idna==3.10","idna==3.7","importlib_metadata==8.0.0","importlib_resources==6.4.0","inflect==7.3.1","jaraco.collections==5.1.0","jaraco.context==5.3.0","jaraco.functools==4.0.1","jaraco.text==3.12.1","jinja2==3.1.4","jsonschema==4.23.0","jsonschema-specifications==2024.10.1","kiwisolver==1.4.7","markdown-it-py==3.0.0","markupsafe==3.0.2","matplotlib==3.9.2","mdurl==0.1.2","more-itertools==10.3.0","mpmath==1.3.0","networkx==3.4.2","numpy==2.1.2","opencv-python==4.10.0.84","opencv-python-headless==4.10.0.84","packaging==24.1","packaging==24.1","pandas==2.2.3","pillow==11.0.0","pip==24.2","platformdirs==4.2.2","psutil==6.1.0","py-cpuinfo==9.0.0","pygments==2.18.0","pyparsing==3.2.0","python-box==6.1.0","python-dateutil==2.9.0.post0","python-dotenv==1.0.1","pytz==2024.2","pyyaml==6.0.2","referencing==0.35.1","requests==2.32.3","requests-toolbelt==1.0.0","rich==13.9.3","roboflow==1.1.48","rpds-py==0.20.0","scipy==1.14.1","seaborn==0.13.2","semantic-version==2.10.0","sentry-sdk==2.17.0","setuptools==75.2.0","simplejson==3.19.3","six==1.16.0","smmap==5.0.1","sympy==1.13.1","thop==0.1.1-2209072238","tomli==2.0.1","torch==2.5.0+cu118","torchaudio==2.5.0+cu118","torchvision==0.20.0+cu118","tqdm==4.66.5","typeguard==4.3.0","typing_extensions==4.12.2","typing_extensions==4.12.2","tzdata==2024.2","ultralytics==8.3.20","ultralytics-thop==2.0.9","urllib3==2.2.3","wheel==0.43.0","wrapt==1.16.0","wurlitzer==3.1.1","zipp==3.19.2"],"message_id":1},"type":"installed_packages"}
{"payload":{"command":["yolov5/train.py","--img","640","--epochs","50","--data","yolov5/office-2/data.yaml","--weights","yolov5yolov5s.pt","--device","0"],"env":null,"hostname":"EricMini","ip":"172.16.79.169","machine":"AMD64","message_id":2,"os":"Windows-11-10.0.22631-SP0","os_release":"11","os_type":"Windows","pid":22460,"processor":"AMD64 Family 25 Model 80 Stepping 0, AuthenticAMD","python_exe":"C:\\Users\\ericf\\AppData\\Local\\Programs\\Python\\Python312\\python.exe","python_version":"3.12.5","python_version_verbose":"3.12.5 (tags/v3.12.5:ff3bc82, Aug  6 2024, 20:45:27) [MSC v.1940 64 bit (AMD64)]","user":"ericf"},"type":"system_details"}
{"payload":{"gpu_static_info":[{"gpu_index":0,"name":"NVIDIA GeForce RTX 3050","power_limit":115000,"total_memory":8589934592,"uuid":"GPU-371b3d6d-a96f-dd63-9ef3-3fd83741c933"}],"message_id":3},"type":"gpu_static_info"}
{"payload":{"local_timestamp":1729741375376,"message_id":4,"metric":{"epoch":null,"metricName":"sys.gpu.0.total_memory","metricValue":8589934592,"step":null}},"type":"metric_msg"}
{"payload":{"local_timestamp":1729741375378,"message_id":5,"param":{"paramName":"img","paramValue":640,"source":"cli","step":null}},"type":"parameter_msg"}
{"payload":{"local_timestamp":1729741375378,"message_id":6,"param":{"paramName":"epochs","paramValue":50,"source":"cli","step":null}},"type":"parameter_msg"}
{"payload":{"local_timestamp":1729741375378,"message_id":7,"param":{"paramName":"data","paramValue":"yolov5/office-2/data.yaml","source":"cli","step":null}},"type":"parameter_msg"}
{"payload":{"local_timestamp":1729741375378,"message_id":8,"param":{"paramName":"weights","paramValue":"yolov5yolov5s.pt","source":"cli","step":null}},"type":"parameter_msg"}
{"payload":{"local_timestamp":1729741375378,"message_id":9,"param":{"paramName":"device","paramValue":0,"source":"cli","step":null}},"type":"parameter_msg"}
{"payload":{"key":"offline_experiment","message_id":10,"value":true},"type":"log_other"}
{"payload":{"key":"Name","message_id":11,"value":"exp"},"type":"log_other"}
{"payload":{"additional_params":{"assetId":"04c95cce983d4d7ebbf4d749475b145e","context":null,"extension":"yaml","fileName":"data.yaml","overwrite":false,"runId":null,"step":null},"clean":true,"file_path":"tmpfcod8evu","local_timestamp":1729741375384,"message_id":12,"metadata":{"type":"data-config-file"},"upload_type":"asset"},"type":"file_upload"}
{"payload":{"local_timestamp":1729741375384,"message_id":13,"metric":{"epoch":null,"metricName":"sys.gpu.0.gpu_utilization","metricValue":1,"step":null}},"type":"metric_msg"}
{"payload":{"local_timestamp":1729741375384,"message_id":14,"metric":{"epoch":null,"metricName":"sys.gpu.0.temperature","metricValue":36,"step":null}},"type":"metric_msg"}
{"payload":{"local_timestamp":1729741375384,"message_id":15,"metric":{"epoch":null,"metricName":"sys.gpu.0.memory_utilization","metricValue":1,"step":null}},"type":"metric_msg"}
{"payload":{"local_timestamp":1729741375384,"message_id":16,"metric":{"epoch":null,"metricName":"sys.gpu.0.free_memory","metricValue":7247220736,"step":null}},"type":"metric_msg"}
{"payload":{"local_timestamp":1729741375384,"message_id":17,"metric":{"epoch":null,"metricName":"sys.gpu.0.used_memory","metricValue":1342713856,"step":null}},"type":"metric_msg"}
{"payload":{"local_timestamp":1729741375384,"message_id":18,"metric":{"epoch":null,"metricName":"sys.gpu.0.percent.used_memory","metricValue":15.631246566772461,"step":null}},"type":"metric_msg"}
{"payload":{"key":"Created from","message_id":19,"value":"YOLOv5"},"type":"log_other"}
{"payload":{"key":"hasNestedParams","message_id":20,"value":true},"type":"log_other"}
{"payload":{"local_timestamp":1729741375395,"message_id":21,"param":{"paramName":"artifact_alias","paramValue":"latest","source":"manual","step":null}},"type":"parameter_msg"}
{"payload":{"local_timestamp":1729741375395,"message_id":22,"param":{"paramName":"batch_size","paramValue":16,"source":"manual","step":null}},"type":"parameter_msg"}
{"payload":{"local_timestamp":1729741375395,"message_id":23,"param":{"paramName":"bbox_interval","paramValue":-1,"source":"manual","step":null}},"type":"parameter_msg"}
{"payload":{"local_timestamp":1729741375395,"message_id":24,"param":{"paramName":"bucket","paramValue":"","source":"manual","step":null}},"type":"parameter_msg"}
{"payload":{"local_timestamp":1729741375395,"message_id":25,"param":{"paramName":"cache","paramValue":null,"source":"manual","step":null}},"type":"parameter_msg"}
{"payload":{"local_timestamp":1729741375395,"message_id":26,"param":{"paramName":"cfg","paramValue":"","source":"manual","step":null}},"type":"parameter_msg"}
{"payload":{"local_timestamp":1729741375395,"message_id":27,"param":{"paramName":"cos_lr","paramValue":false,"source":"manual","step":null}},"type":"parameter_msg"}
{"payload":{"local_timestamp":1729741375395,"message_id":28,"param":{"paramName":"device","paramValue":"0","source":"manual","step":null}},"type":"parameter_msg"}
{"payload":{"local_timestamp":1729741375395,"message_id":29,"param":{"paramName":"entity","paramValue":null,"source":"manual","step":null}},"type":"parameter_msg"}
{"payload":{"local_timestamp":1729741375395,"message_id":30,"param":{"paramName":"evolve","paramValue":null,"source":"manual","step":null}},"type":"parameter_msg"}
{"payload":{"local_timestamp":1729741375395,"message_id":31,"param":{"paramName":"evolve_population","paramValue":"yolov5\\data\\hyps","source":"manual","step":null}},"type":"parameter_msg"}
{"payload":{"local_timestamp":1729741375395,"message_id":32,"param":{"paramName":"exist_ok","paramValue":false,"source":"manual","step":null}},"type":"parameter_msg"}
{"payload":{"local_timestamp":1729741375395,"message_id":33,"params":{"paramName":"freeze","paramValue":[0],"source":"manual","step":null}},"type":"parameter_msg"}
{"payload":{"local_timestamp":1729741375395,"message_id":34,"param":{"paramName":"hyp|anchor_t","paramValue":4.0,"source":"manual","step":null}},"type":"parameter_msg"}
{"payload":{"local_timestamp":1729741375395,"message_id":35,"param":{"paramName":"hyp|box","paramValue":0.05,"source":"manual","step":null}},"type":"parameter_msg"}
{"payload":{"local_timestamp":1729741375395,"message_id":36,"param":{"paramName":"hyp|cls","paramValue":0.5,"source":"manual","step":null}},"type":"parameter_msg"}
{"payload":{"local_timestamp":1729741375395,"message_id":37,"param":{"paramName":"hyp|cls_pw","paramValue":1.0,"source":"manual","step":null}},"type":"parameter_msg"}
{"payload":{"local_timestamp":1729741375395,"message_id":38,"param":{"paramName":"hyp|copy_paste","paramValue":0.0,"source":"manual","step":null}},"type":"parameter_msg"}
{"payload":{"local_timestamp":1729741375395,"message_id":39,"param":{"paramName":"hyp|degrees","paramValue":0.0,"source":"manual","step":null}},"type":"parameter_msg"}
{"payload":{"local_timestamp":1729741375395,"message_id":40,"param":{"paramName":"hyp|fl_gamma","paramValue":0.0,"source":"manual","step":null}},"type":"parameter_msg"}
{"payload":{"local_timestamp":1729741375395,"message_id":41,"param":{"paramName":"hyp|fliplr","paramValue":0.5,"source":"manual","step":null}},"type":"parameter_msg"}
{"payload":{"local_timestamp":1729741375396,"message_id":42,"param":{"paramName":"hyp|flipud","paramValue":0.0,"source":"manual","step":null}},"type":"parameter_msg"}
{"payload":{"local_timestamp":1729741375396,"message_id":43,"param":{"paramName":"hyp|hsv_h","paramValue":0.015,"source":"manual","step":null}},"type":"parameter_msg"}
{"payload":{"local_timestamp":1729741375396,"message_id":44,"param":{"paramName":"hyp|hsv_s","paramValue":0.7,"source":"manual","step":null}},"type":"parameter_msg"}
{"payload":{"local_timestamp":1729741375396,"message_id":45,"param":{"paramName":"hyp|hsv_v","paramValue":0.4,"source":"manual","step":null}},"type":"parameter_msg"}
{"payload":{"local_timestamp":1729741375396,"message_id":46,"param":{"paramName":"hyp|iou_t","paramValue":0.2,"source":"manual","step":null}},"type":"parameter_msg"}
{"payload":{"local_timestamp":1729741375396,"message_id":47,"param":{"paramName":"hyp|lr0","paramValue":0.01,"source":"manual","step":null}},"type":"parameter_msg"}
{"payload":{"local_timestamp":1729741375396,"message_id":48,"param":{"paramName":"hyp|lrf","paramValue":0.01,"source":"manual","step":null}},"type":"parameter_msg"}
{"payload":{"local_timestamp":1729741375396,"message_id":49,"param":{"paramName":"hyp|mixup","paramValue":0.0,"source":"manual","step":null}},"type":"parameter_msg"}
{"payload":{"local_timestamp":1729741375396,"message_id":50,"param":{"paramName":"hyp|momentum","paramValue":0.937,"source":"manual","step":null}},"type":"parameter_msg"}
{"payload":{"local_timestamp":1729741375396,"message_id":51,"param":{"paramName":"hyp|mosaic","paramValue":1.0,"source":"manual","step":null}},"type":"parameter_msg"}
{"payload":{"local_timestamp":1729741375396,"message_id":52,"param":{"paramName":"hyp|obj","paramValue":1.0,"source":"manual","step":null}},"type":"parameter_msg"}
{"payload":{"local_timestamp":1729741375396,"message_id":53,"param":{"paramName":"hyp|obj_pw","paramValue":1.0,"source":"manual","step":null}},"type":"parameter_msg"}
{"payload":{"local_timestamp":1729741375396,"message_id":54,"param":{"paramName":"hyp|perspective","paramValue":0.0,"source":"manual","step":null}},"type":"parameter_msg"}
{"payload":{"local_timestamp":1729741375396,"message_id":55,"param":{"paramName":"hyp|scale","paramValue":0.5,"source":"manual","step":null}},"type":"parameter_msg"}
{"payload":{"local_timestamp":1729741375396,"message_id":56,"param":{"paramName":"hyp|shear","paramValue":0.0,"source":"manual","step":null}},"type":"parameter_msg"}
{"payload":{"local_timestamp":1729741375396,"message_id":57,"param":{"paramName":"hyp|translate","paramValue":0.1,"source":"manual","step":null}},"type":"parameter_msg"}
{"payload":{"local_timestamp":1729741375396,"message_id":58,"param":{"paramName":"hyp|warmup_bias_lr","paramValue":0.1,"source":"manual","step":null}},"type":"parameter_msg"}
{"payload":{"local_timestamp":1729741375396,"message_id":59,"param":{"paramName":"hyp|warmup_epochs","paramValue":3.0,"source":"manual","step":null}},"type":"parameter_msg"}
{"payload":{"local_timestamp":1729741375396,"message_id":60,"param":{"paramName":"hyp|warmup_momentum","paramValue":0.8,"source":"manual","step":null}},"type":"parameter_msg"}
{"payload":{"local_timestamp":1729741375396,"message_id":61,"param":{"paramName":"hyp|weight_decay","paramValue":0.0005,"source":"manual","step":null}},"type":"parameter_msg"}
{"payload":{"local_timestamp":1729741375396,"message_id":62,"param":{"paramName":"image_weights","paramValue":false,"source":"manual","step":null}},"type":"parameter_msg"}
{"payload":{"local_timestamp":1729741375396,"message_id":63,"param":{"paramName":"imgsz","paramValue":640,"source":"manual","step":null}},"type":"parameter_msg"}
{"payload":{"local_timestamp":1729741375396,"message_id":64,"param":{"paramName":"label_smoothing","paramValue":0.0,"source":"manual","step":null}},"type":"parameter_msg"}
{"payload":{"local_timestamp":1729741375396,"message_id":65,"param":{"paramName":"local_rank","paramValue":-1,"source":"manual","step":null}},"type":"parameter_msg"}
{"payload":{"local_timestamp":1729741375396,"message_id":66,"param":{"paramName":"multi_scale","paramValue":false,"source":"manual","step":null}},"type":"parameter_msg"}
{"payload":{"local_timestamp":1729741375396,"message_id":67,"param":{"paramName":"name","paramValue":"exp","source":"manual","step":null}},"type":"parameter_msg"}
{"payload":{"local_timestamp":1729741375396,"message_id":68,"param":{"paramName":"ndjson_console","paramValue":false,"source":"manual","step":null}},"type":"parameter_msg"}
{"payload":{"local_timestamp":1729741375396,"message_id":69,"param":{"paramName":"ndjson_file","paramValue":false,"source":"manual","step":null}},"type":"parameter_msg"}
{"payload":{"local_timestamp":1729741375396,"message_id":70,"param":{"paramName":"noautoanchor","paramValue":false,"source":"manual","step":null}},"type":"parameter_msg"}
{"payload":{"local_timestamp":1729741375396,"message_id":71,"param":{"paramName":"noplots","paramValue":false,"source":"manual","step":null}},"type":"parameter_msg"}
{"payload":{"local_timestamp":1729741375396,"message_id":72,"param":{"paramName":"nosave","paramValue":false,"source":"manual","step":null}},"type":"parameter_msg"}
{"payload":{"local_timestamp":1729741375396,"message_id":73,"param":{"paramName":"noval","paramValue":false,"source":"manual","step":null}},"type":"parameter_msg"}
{"payload":{"local_timestamp":1729741375396,"message_id":74,"param":{"paramName":"optimizer","paramValue":"SGD","source":"manual","step":null}},"type":"parameter_msg"}
{"payload":{"local_timestamp":1729741375396,"message_id":75,"param":{"paramName":"patience","paramValue":100,"source":"manual","step":null}},"type":"parameter_msg"}
{"payload":{"local_timestamp":1729741375396,"message_id":76,"param":{"paramName":"project","paramValue":"yolov5\\runs\\train","source":"manual","step":null}},"type":"parameter_msg"}
{"payload":{"local_timestamp":1729741375396,"message_id":77,"param":{"paramName":"quad","paramValue":false,"source":"manual","step":null}},"type":"parameter_msg"}
{"payload":{"local_timestamp":1729741375396,"message_id":78,"param":{"paramName":"rect","paramValue":false,"source":"manual","step":null}},"type":"parameter_msg"}
{"payload":{"local_timestamp":1729741375396,"message_id":79,"param":{"paramName":"resume","paramValue":false,"source":"manual","step":null}},"type":"parameter_msg"}
{"payload":{"local_timestamp":1729741375396,"message_id":80,"param":{"paramName":"resume_evolve","paramValue":null,"source":"manual","step":null}},"type":"parameter_msg"}
{"payload":{"local_timestamp":1729741375396,"message_id":81,"param":{"paramName":"save_dir","paramValue":"yolov5\\runs\\train\\exp11","source":"manual","step":null}},"type":"parameter_msg"}
{"payload":{"local_timestamp":1729741375396,"message_id":82,"param":{"paramName":"save_period","paramValue":-1,"source":"manual","step":null}},"type":"parameter_msg"}
{"payload":{"local_timestamp":1729741375396,"message_id":83,"param":{"paramName":"seed","paramValue":0,"source":"manual","step":null}},"type":"parameter_msg"}
{"payload":{"local_timestamp":1729741375396,"message_id":84,"param":{"paramName":"single_cls","paramValue":false,"source":"manual","step":null}},"type":"parameter_msg"}
{"payload":{"local_timestamp":1729741375396,"message_id":85,"param":{"paramName":"sync_bn","paramValue":false,"source":"manual","step":null}},"type":"parameter_msg"}
{"payload":{"local_timestamp":1729741375396,"message_id":86,"param":{"paramName":"upload_dataset","paramValue":false,"source":"manual","step":null}},"type":"parameter_msg"}
{"payload":{"local_timestamp":1729741375396,"message_id":87,"param":{"paramName":"workers","paramValue":8,"source":"manual","step":null}},"type":"parameter_msg"}
{"payload":{"local_timestamp":1729741375397,"message_id":88,"param":{"paramName":"anchor_t","paramValue":4.0,"source":"manual","step":null}},"type":"parameter_msg"}
{"payload":{"local_timestamp":1729741375397,"message_id":89,"param":{"paramName":"box","paramValue":0.05,"source":"manual","step":null}},"type":"parameter_msg"}
{"payload":{"local_timestamp":1729741375397,"message_id":90,"param":{"paramName":"cls","paramValue":0.5,"source":"manual","step":null}},"type":"parameter_msg"}
{"payload":{"local_timestamp":1729741375397,"message_id":91,"param":{"paramName":"cls_pw","paramValue":1.0,"source":"manual","step":null}},"type":"parameter_msg"}
{"payload":{"local_timestamp":1729741375397,"message_id":92,"param":{"paramName":"copy_paste","paramValue":0.0,"source":"manual","step":null}},"type":"parameter_msg"}
{"payload":{"local_timestamp":1729741375397,"message_id":93,"param":{"paramName":"degrees","paramValue":0.0,"source":"manual","step":null}},"type":"parameter_msg"}
{"payload":{"local_timestamp":1729741375397,"message_id":94,"param":{"paramName":"fl_gamma","paramValue":0.0,"source":"manual","step":null}},"type":"parameter_msg"}
{"payload":{"local_timestamp":1729741375397,"message_id":95,"param":{"paramName":"fliplr","paramValue":0.5,"source":"manual","step":null}},"type":"parameter_msg"}
{"payload":{"local_timestamp":1729741375397,"message_id":96,"param":{"paramName":"flipud","paramValue":0.0,"source":"manual","step":null}},"type":"parameter_msg"}
{"payload":{"local_timestamp":1729741375397,"message_id":97,"param":{"paramName":"hsv_h","paramValue":0.015,"source":"manual","step":null}},"type":"parameter_msg"}
{"payload":{"local_timestamp":1729741375397,"message_id":98,"param":{"paramName":"hsv_s","paramValue":0.7,"source":"manual","step":null}},"type":"parameter_msg"}
{"payload":{"local_timestamp":1729741375397,"message_id":99,"param":{"paramName":"hsv_v","paramValue":0.4,"source":"manual","step":null}},"type":"parameter_msg"}
{"payload":{"local_timestamp":1729741375397,"message_id":100,"param":{"paramName":"iou_t","paramValue":0.2,"source":"manual","step":null}},"type":"parameter_msg"}
{"payload":{"local_timestamp":1729741375397,"message_id":101,"param":{"paramName":"lr0","paramValue":0.01,"source":"manual","step":null}},"type":"parameter_msg"}
{"payload":{"local_timestamp":1729741375397,"message_id":102,"param":{"paramName":"lrf","paramValue":0.01,"source":"manual","step":null}},"type":"parameter_msg"}
{"payload":{"local_timestamp":1729741375397,"message_id":103,"param":{"paramName":"mixup","paramValue":0.0,"source":"manual","step":null}},"type":"parameter_msg"}
{"payload":{"local_timestamp":1729741375397,"message_id":104,"param":{"paramName":"momentum","paramValue":0.937,"source":"manual","step":null}},"type":"parameter_msg"}
{"payload":{"local_timestamp":1729741375397,"message_id":105,"param":{"paramName":"mosaic","paramValue":1.0,"source":"manual","step":null}},"type":"parameter_msg"}
{"payload":{"local_timestamp":1729741375397,"message_id":106,"param":{"paramName":"obj","paramValue":1.0,"source":"manual","step":null}},"type":"parameter_msg"}
{"payload":{"local_timestamp":1729741375397,"message_id":107,"param":{"paramName":"obj_pw","paramValue":1.0,"source":"manual","step":null}},"type":"parameter_msg"}
{"payload":{"local_timestamp":1729741375397,"message_id":108,"param":{"paramName":"perspective","paramValue":0.0,"source":"manual","step":null}},"type":"parameter_msg"}
{"payload":{"local_timestamp":1729741375397,"message_id":109,"param":{"paramName":"scale","paramValue":0.5,"source":"manual","step":null}},"type":"parameter_msg"}
{"payload":{"local_timestamp":1729741375397,"message_id":110,"param":{"paramName":"shear","paramValue":0.0,"source":"manual","step":null}},"type":"parameter_msg"}
{"payload":{"local_timestamp":1729741375397,"message_id":111,"param":{"paramName":"translate","paramValue":0.1,"source":"manual","step":null}},"type":"parameter_msg"}
{"payload":{"local_timestamp":1729741375397,"message_id":112,"param":{"paramName":"warmup_bias_lr","paramValue":0.1,"source":"manual","step":null}},"type":"parameter_msg"}
{"payload":{"local_timestamp":1729741375397,"message_id":113,"param":{"paramName":"warmup_epochs","paramValue":3.0,"source":"manual","step":null}},"type":"parameter_msg"}
{"payload":{"local_timestamp":1729741375397,"message_id":114,"param":{"paramName":"warmup_momentum","paramValue":0.8,"source":"manual","step":null}},"type":"parameter_msg"}
{"payload":{"local_timestamp":1729741375397,"message_id":115,"param":{"paramName":"weight_decay","paramValue":0.0005,"source":"manual","step":null}},"type":"parameter_msg"}
{"payload":{"additional_params":{"assetId":"2952124c08fb4011bc28d597b323f6cd","context":null,"epoch":null,"extension":"json","fileName":"hyperparameters.json","overwrite":false,"runId":null,"step":null},"clean":true,"file_path":"tmpra2leted","local_timestamp":1729741375412,"message_id":116,"metadata":{"type":"hyp-config-file"},"upload_type":"asset"},"type":"file_upload"}
{"payload":{"additional_params":{"assetId":"b9cef436785844a49daa8aba11f83ced","context":null,"extension":"yaml","fileName":"opt.yaml","overwrite":false,"runId":null,"step":null},"clean":true,"file_path":"tmp7htb89tx","local_timestamp":1729741375411,"message_id":117,"metadata":{"type":"opt-config-file"},"upload_type":"asset"},"type":"file_upload"}
{"payload":{"local_timestamp":1729741375411,"message_id":118,"param":{"paramName":"val_conf_threshold","paramValue":0.001,"source":"manual","step":null}},"type":"parameter_msg"}
{"payload":{"local_timestamp":1729741375411,"message_id":119,"param":{"paramName":"val_iou_threshold","paramValue":0.6,"source":"manual","step":null}},"type":"parameter_msg"}
{"payload":{"key":"comet_mode","message_id":120,"value":"online"},"type":"log_other"}
{"payload":{"key":"comet_max_image_uploads","message_id":121,"value":100},"type":"log_other"}
{"payload":{"key":"comet_log_per_class_metrics","message_id":122,"value":false},"type":"log_other"}
{"payload":{"key":"comet_log_batch_metrics","message_id":123,"value":false},"type":"log_other"}
{"payload":{"key":"comet_log_confusion_matrix","message_id":124,"value":true},"type":"log_other"}
{"payload":{"key":"comet_model_name","message_id":125,"value":"yolov5"},"type":"log_other"}
{"payload":{"local_timestamp":1729741375448,"message_id":126,"output":"\u001b[1;38;5;39mCOMET INFO:\u001b[0m Couldn't find a Git repository in 'C:\\\\Users\\\\ericf\\\\OneDrive\\\\Documents\\\\Code\\\\NGC_Hackweek' nor in any parent directory. Set `COMET_GIT_DIRECTORY` if your Git Repository is elsewhere.\n","stderr":true},"type":"standard_output"}
{"payload":{"local_timestamp":1729741375709,"message_id":127,"metric":{"epoch":null,"metricName":"sys.cpu.percent.avg","metricValue":0.0,"step":null}},"type":"metric_msg"}
{"payload":{"local_timestamp":1729741375709,"message_id":128,"metric":{"epoch":null,"metricName":"sys.ram.total","metricValue":17068150784,"step":null}},"type":"metric_msg"}
{"payload":{"local_timestamp":1729741375709,"message_id":129,"metric":{"epoch":null,"metricName":"sys.ram.used","metricValue":9990660096,"step":null}},"type":"metric_msg"}
{"payload":{"local_timestamp":1729741375709,"message_id":130,"metric":{"epoch":null,"metricName":"sys.ram.available","metricValue":7077490688,"step":null}},"type":"metric_msg"}
{"payload":{"local_timestamp":1729741375709,"message_id":131,"metric":{"epoch":null,"metricName":"sys.ram.percent.used","metricValue":58.5,"step":null}},"type":"metric_msg"}
{"payload":{"local_timestamp":1729741375709,"message_id":132,"metric":{"epoch":null,"metricName":"sys.load.avg","metricValue":0.0,"step":null}},"type":"metric_msg"}
{"payload":{"local_timestamp":1729741375712,"message_id":133,"output":"Traceback (most recent call last):\n","stderr":true},"type":"standard_output"}
{"payload":{"local_timestamp":1729741375713,"message_id":134,"output":"  File \"C:\\Users\\ericf\\OneDrive\\Documents\\Code\\NGC_Hackweek\\yolov5\\train.py\", line 986, in <module>\n","stderr":true},"type":"standard_output"}
{"payload":{"local_timestamp":1729741375714,"message_id":135,"output":"    ","stderr":true},"type":"standard_output"}
{"payload":{"local_timestamp":1729741375714,"message_id":136,"output":"main(opt)","stderr":true},"type":"standard_output"}
{"payload":{"local_timestamp":1729741375714,"message_id":137,"output":"\n","stderr":true},"type":"standard_output"}
{"payload":{"local_timestamp":1729741375714,"message_id":138,"output":"  File \"C:\\Users\\ericf\\OneDrive\\Documents\\Code\\NGC_Hackweek\\yolov5\\train.py\", line 688, in main\n","stderr":true},"type":"standard_output"}
{"payload":{"local_timestamp":1729741375714,"message_id":139,"output":"    ","stderr":true},"type":"standard_output"}
{"payload":{"local_timestamp":1729741375714,"message_id":140,"output":"train(opt.hyp, opt, device, callbacks)","stderr":true},"type":"standard_output"}
{"payload":{"local_timestamp":1729741375715,"message_id":141,"output":"\n","stderr":true},"type":"standard_output"}
{"payload":{"local_timestamp":1729741375715,"message_id":142,"output":"  File \"C:\\Users\\ericf\\OneDrive\\Documents\\Code\\NGC_Hackweek\\yolov5\\train.py\", line 215, in train\n","stderr":true},"type":"standard_output"}
{"payload":{"local_timestamp":1729741375715,"message_id":143,"output":"    ","stderr":true},"type":"standard_output"}
{"payload":{"local_timestamp":1729741375715,"message_id":144,"output":"ckpt = torch.load(weights, map_location=\"cpu\")  # load checkpoint to CPU to avoid CUDA memory leak","stderr":true},"type":"standard_output"}
{"payload":{"local_timestamp":1729741375715,"message_id":145,"output":"\n","stderr":true},"type":"standard_output"}
{"payload":{"local_timestamp":1729741375715,"message_id":146,"output":" ","stderr":true},"type":"standard_output"}
{"payload":{"local_timestamp":1729741375715,"message_id":147,"output":" ","stderr":true},"type":"standard_output"}
{"payload":{"local_timestamp":1729741375715,"message_id":148,"output":" ","stderr":true},"type":"standard_output"}
{"payload":{"local_timestamp":1729741375715,"message_id":149,"output":" ","stderr":true},"type":"standard_output"}
{"payload":{"local_timestamp":1729741375715,"message_id":150,"output":" ","stderr":true},"type":"standard_output"}
{"payload":{"local_timestamp":1729741375715,"message_id":151,"output":" ","stderr":true},"type":"standard_output"}
{"payload":{"local_timestamp":1729741375715,"message_id":152,"output":" ","stderr":true},"type":"standard_output"}
{"payload":{"local_timestamp":1729741375715,"message_id":153,"output":" ","stderr":true},"type":"standard_output"}
{"payload":{"local_timestamp":1729741375715,"message_id":154,"output":" ","stderr":true},"type":"standard_output"}
{"payload":{"local_timestamp":1729741375715,"message_id":155,"output":" ","stderr":true},"type":"standard_output"}
{"payload":{"local_timestamp":1729741375715,"message_id":156,"output":" ","stderr":true},"type":"standard_output"}
{"payload":{"local_timestamp":1729741375715,"message_id":157,"output":"^","stderr":true},"type":"standard_output"}
{"payload":{"local_timestamp":1729741375715,"message_id":158,"output":"^","stderr":true},"type":"standard_output"}
{"payload":{"local_timestamp":1729741375715,"message_id":159,"output":"^","stderr":true},"type":"standard_output"}
{"payload":{"local_timestamp":1729741375715,"message_id":160,"output":"^","stderr":true},"type":"standard_output"}
{"payload":{"local_timestamp":1729741375715,"message_id":161,"output":"^","stderr":true},"type":"standard_output"}
{"payload":{"local_timestamp":1729741375715,"message_id":162,"output":"^","stderr":true},"type":"standard_output"}
{"payload":{"local_timestamp":1729741375715,"message_id":163,"output":"^","stderr":true},"type":"standard_output"}
{"payload":{"local_timestamp":1729741375715,"message_id":164,"output":"^","stderr":true},"type":"standard_output"}
{"payload":{"local_timestamp":1729741375715,"message_id":165,"output":"^","stderr":true},"type":"standard_output"}
{"payload":{"local_timestamp":1729741375715,"message_id":166,"output":"^","stderr":true},"type":"standard_output"}
{"payload":{"local_timestamp":1729741375715,"message_id":167,"output":"^","stderr":true},"type":"standard_output"}
{"payload":{"local_timestamp":1729741375715,"message_id":168,"output":"^","stderr":true},"type":"standard_output"}
{"payload":{"local_timestamp":1729741375715,"message_id":169,"output":"^","stderr":true},"type":"standard_output"}
{"payload":{"local_timestamp":1729741375715,"message_id":170,"output":"^","stderr":true},"type":"standard_output"}
{"payload":{"local_timestamp":1729741375715,"message_id":171,"output":"^","stderr":true},"type":"standard_output"}
{"payload":{"local_timestamp":1729741375715,"message_id":172,"output":"^","stderr":true},"type":"standard_output"}
{"payload":{"local_timestamp":1729741375715,"message_id":173,"output":"^","stderr":true},"type":"standard_output"}
{"payload":{"local_timestamp":1729741375715,"message_id":174,"output":"^","stderr":true},"type":"standard_output"}
{"payload":{"local_timestamp":1729741375715,"message_id":175,"output":"^","stderr":true},"type":"standard_output"}
{"payload":{"local_timestamp":1729741375715,"message_id":176,"output":"^","stderr":true},"type":"standard_output"}
{"payload":{"local_timestamp":1729741375715,"message_id":177,"output":"^","stderr":true},"type":"standard_output"}
{"payload":{"local_timestamp":1729741375715,"message_id":178,"output":"^","stderr":true},"type":"standard_output"}
{"payload":{"local_timestamp":1729741375715,"message_id":179,"output":"^","stderr":true},"type":"standard_output"}
{"payload":{"local_timestamp":1729741375715,"message_id":180,"output":"^","stderr":true},"type":"standard_output"}
{"payload":{"local_timestamp":1729741375715,"message_id":181,"output":"^","stderr":true},"type":"standard_output"}
{"payload":{"local_timestamp":1729741375715,"message_id":182,"output":"^","stderr":true},"type":"standard_output"}
{"payload":{"local_timestamp":1729741375715,"message_id":183,"output":"^","stderr":true},"type":"standard_output"}
{"payload":{"local_timestamp":1729741375715,"message_id":184,"output":"^","stderr":true},"type":"standard_output"}
{"payload":{"local_timestamp":1729741375715,"message_id":185,"output":"^","stderr":true},"type":"standard_output"}
{"payload":{"local_timestamp":1729741375715,"message_id":186,"output":"^","stderr":true},"type":"standard_output"}
{"payload":{"local_timestamp":1729741375715,"message_id":187,"output":"^","stderr":true},"type":"standard_output"}
{"payload":{"local_timestamp":1729741375715,"message_id":188,"output":"^","stderr":true},"type":"standard_output"}
{"payload":{"local_timestamp":1729741375715,"message_id":189,"output":"^","stderr":true},"type":"standard_output"}
{"payload":{"local_timestamp":1729741375715,"message_id":190,"output":"^","stderr":true},"type":"standard_output"}
{"payload":{"local_timestamp":1729741375715,"message_id":191,"output":"^","stderr":true},"type":"standard_output"}
{"payload":{"local_timestamp":1729741375715,"message_id":192,"output":"^","stderr":true},"type":"standard_output"}
{"payload":{"local_timestamp":1729741375715,"message_id":193,"output":"^","stderr":true},"type":"standard_output"}
{"payload":{"local_timestamp":1729741375715,"message_id":194,"output":"^","stderr":true},"type":"standard_output"}
{"payload":{"local_timestamp":1729741375715,"message_id":195,"output":"^","stderr":true},"type":"standard_output"}
{"payload":{"local_timestamp":1729741375715,"message_id":196,"output":"\n","stderr":true},"type":"standard_output"}
{"payload":{"local_timestamp":1729741375715,"message_id":197,"output":"  File \"C:\\Users\\ericf\\AppData\\Local\\Programs\\Python\\Python312\\Lib\\site-packages\\ultralytics\\utils\\patches.py\", line 86, in torch_load\n","stderr":true},"type":"standard_output"}
{"payload":{"local_timestamp":1729741375718,"message_id":198,"output":"    ","stderr":true},"type":"standard_output"}
{"payload":{"local_timestamp":1729741375718,"message_id":199,"output":"return _torch_load(*args, **kwargs)","stderr":true},"type":"standard_output"}
{"payload":{"local_timestamp":1729741375719,"message_id":200,"output":"\n","stderr":true},"type":"standard_output"}
{"payload":{"local_timestamp":1729741375719,"message_id":201,"output":" ","stderr":true},"type":"standard_output"}
{"payload":{"local_timestamp":1729741375719,"message_id":202,"output":" ","stderr":true},"type":"standard_output"}
{"payload":{"local_timestamp":1729741375719,"message_id":203,"output":" ","stderr":true},"type":"standard_output"}
{"payload":{"local_timestamp":1729741375719,"message_id":204,"output":" ","stderr":true},"type":"standard_output"}
{"payload":{"local_timestamp":1729741375719,"message_id":205,"output":" ","stderr":true},"type":"standard_output"}
{"payload":{"local_timestamp":1729741375719,"message_id":206,"output":" ","stderr":true},"type":"standard_output"}
{"payload":{"local_timestamp":1729741375719,"message_id":207,"output":" ","stderr":true},"type":"standard_output"}
{"payload":{"local_timestamp":1729741375719,"message_id":208,"output":" ","stderr":true},"type":"standard_output"}
{"payload":{"local_timestamp":1729741375719,"message_id":209,"output":" ","stderr":true},"type":"standard_output"}
{"payload":{"local_timestamp":1729741375719,"message_id":210,"output":" ","stderr":true},"type":"standard_output"}
{"payload":{"local_timestamp":1729741375719,"message_id":211,"output":" ","stderr":true},"type":"standard_output"}
{"payload":{"local_timestamp":1729741375719,"message_id":212,"output":"^","stderr":true},"type":"standard_output"}
{"payload":{"local_timestamp":1729741375719,"message_id":213,"output":"^","stderr":true},"type":"standard_output"}
{"payload":{"local_timestamp":1729741375719,"message_id":214,"output":"^","stderr":true},"type":"standard_output"}
{"payload":{"local_timestamp":1729741375719,"message_id":215,"output":"^","stderr":true},"type":"standard_output"}
{"payload":{"local_timestamp":1729741375719,"message_id":216,"output":"^","stderr":true},"type":"standard_output"}
{"payload":{"local_timestamp":1729741375719,"message_id":217,"output":"^","stderr":true},"type":"standard_output"}
{"payload":{"local_timestamp":1729741375719,"message_id":218,"output":"^","stderr":true},"type":"standard_output"}
{"payload":{"local_timestamp":1729741375719,"message_id":219,"output":"^","stderr":true},"type":"standard_output"}
{"payload":{"local_timestamp":1729741375719,"message_id":220,"output":"^","stderr":true},"type":"standard_output"}
{"payload":{"local_timestamp":1729741375719,"message_id":221,"output":"^","stderr":true},"type":"standard_output"}
{"payload":{"local_timestamp":1729741375719,"message_id":222,"output":"^","stderr":true},"type":"standard_output"}
{"payload":{"local_timestamp":1729741375719,"message_id":223,"output":"^","stderr":true},"type":"standard_output"}
{"payload":{"local_timestamp":1729741375719,"message_id":224,"output":"^","stderr":true},"type":"standard_output"}
{"payload":{"local_timestamp":1729741375719,"message_id":225,"output":"^","stderr":true},"type":"standard_output"}
{"payload":{"local_timestamp":1729741375719,"message_id":226,"output":"^","stderr":true},"type":"standard_output"}
{"payload":{"local_timestamp":1729741375719,"message_id":227,"output":"^","stderr":true},"type":"standard_output"}
{"payload":{"local_timestamp":1729741375719,"message_id":228,"output":"^","stderr":true},"type":"standard_output"}
{"payload":{"local_timestamp":1729741375719,"message_id":229,"output":"^","stderr":true},"type":"standard_output"}
{"payload":{"local_timestamp":1729741375719,"message_id":230,"output":"^","stderr":true},"type":"standard_output"}
{"payload":{"local_timestamp":1729741375719,"message_id":231,"output":"^","stderr":true},"type":"standard_output"}
{"payload":{"local_timestamp":1729741375719,"message_id":232,"output":"^","stderr":true},"type":"standard_output"}
{"payload":{"local_timestamp":1729741375719,"message_id":233,"output":"^","stderr":true},"type":"standard_output"}
{"payload":{"local_timestamp":1729741375719,"message_id":234,"output":"^","stderr":true},"type":"standard_output"}
{"payload":{"local_timestamp":1729741375719,"message_id":235,"output":"^","stderr":true},"type":"standard_output"}
{"payload":{"local_timestamp":1729741375719,"message_id":236,"output":"^","stderr":true},"type":"standard_output"}
{"payload":{"local_timestamp":1729741375719,"message_id":237,"output":"^","stderr":true},"type":"standard_output"}
{"payload":{"local_timestamp":1729741375719,"message_id":238,"output":"^","stderr":true},"type":"standard_output"}
{"payload":{"local_timestamp":1729741375719,"message_id":239,"output":"^","stderr":true},"type":"standard_output"}
{"payload":{"local_timestamp":1729741375720,"message_id":240,"output":"\n","stderr":true},"type":"standard_output"}
{"payload":{"local_timestamp":1729741375720,"message_id":241,"output":"  File \"C:\\Users\\ericf\\AppData\\Local\\Programs\\Python\\Python312\\Lib\\site-packages\\torch\\serialization.py\", line 1319, in load\n","stderr":true},"type":"standard_output"}
{"payload":{"local_timestamp":1729741375722,"message_id":242,"output":"    ","stderr":true},"type":"standard_output"}
{"payload":{"local_timestamp":1729741375722,"message_id":243,"output":"with _open_file_like(f, \"rb\") as opened_file:","stderr":true},"type":"standard_output"}
{"payload":{"local_timestamp":1729741375722,"message_id":244,"output":"\n","stderr":true},"type":"standard_output"}
{"payload":{"local_timestamp":1729741375722,"message_id":245,"output":" ","stderr":true},"type":"standard_output"}
{"payload":{"local_timestamp":1729741375722,"message_id":246,"output":" ","stderr":true},"type":"standard_output"}
{"payload":{"local_timestamp":1729741375722,"message_id":247,"output":" ","stderr":true},"type":"standard_output"}
{"payload":{"local_timestamp":1729741375722,"message_id":248,"output":" ","stderr":true},"type":"standard_output"}
{"payload":{"local_timestamp":1729741375722,"message_id":249,"output":" ","stderr":true},"type":"standard_output"}
{"payload":{"local_timestamp":1729741375722,"message_id":250,"output":" ","stderr":true},"type":"standard_output"}
{"payload":{"local_timestamp":1729741375722,"message_id":251,"output":" ","stderr":true},"type":"standard_output"}
{"payload":{"local_timestamp":1729741375722,"message_id":252,"output":" ","stderr":true},"type":"standard_output"}
{"payload":{"local_timestamp":1729741375722,"message_id":253,"output":" ","stderr":true},"type":"standard_output"}
{"payload":{"local_timestamp":1729741375722,"message_id":254,"output":"^","stderr":true},"type":"standard_output"}
{"payload":{"local_timestamp":1729741375722,"message_id":255,"output":"^","stderr":true},"type":"standard_output"}
{"payload":{"local_timestamp":1729741375722,"message_id":256,"output":"^","stderr":true},"type":"standard_output"}
{"payload":{"local_timestamp":1729741375722,"message_id":257,"output":"^","stderr":true},"type":"standard_output"}
{"payload":{"local_timestamp":1729741375722,"message_id":258,"output":"^","stderr":true},"type":"standard_output"}
{"payload":{"local_timestamp":1729741375722,"message_id":259,"output":"^","stderr":true},"type":"standard_output"}
{"payload":{"local_timestamp":1729741375722,"message_id":260,"output":"^","stderr":true},"type":"standard_output"}
{"payload":{"local_timestamp":1729741375722,"message_id":261,"output":"^","stderr":true},"type":"standard_output"}
{"payload":{"local_timestamp":1729741375722,"message_id":262,"output":"^","stderr":true},"type":"standard_output"}
{"payload":{"local_timestamp":1729741375722,"message_id":263,"output":"^","stderr":true},"type":"standard_output"}
{"payload":{"local_timestamp":1729741375722,"message_id":264,"output":"^","stderr":true},"type":"standard_output"}
{"payload":{"local_timestamp":1729741375722,"message_id":265,"output":"^","stderr":true},"type":"standard_output"}
{"payload":{"local_timestamp":1729741375722,"message_id":266,"output":"^","stderr":true},"type":"standard_output"}
{"payload":{"local_timestamp":1729741375722,"message_id":267,"output":"^","stderr":true},"type":"standard_output"}
{"payload":{"local_timestamp":1729741375722,"message_id":268,"output":"^","stderr":true},"type":"standard_output"}
{"payload":{"local_timestamp":1729741375722,"message_id":269,"output":"^","stderr":true},"type":"standard_output"}
{"payload":{"local_timestamp":1729741375722,"message_id":270,"output":"^","stderr":true},"type":"standard_output"}
{"payload":{"local_timestamp":1729741375722,"message_id":271,"output":"^","stderr":true},"type":"standard_output"}
{"payload":{"local_timestamp":1729741375722,"message_id":272,"output":"^","stderr":true},"type":"standard_output"}
{"payload":{"local_timestamp":1729741375722,"message_id":273,"output":"^","stderr":true},"type":"standard_output"}
{"payload":{"local_timestamp":1729741375722,"message_id":274,"output":"^","stderr":true},"type":"standard_output"}
{"payload":{"local_timestamp":1729741375722,"message_id":275,"output":"^","stderr":true},"type":"standard_output"}
{"payload":{"local_timestamp":1729741375722,"message_id":276,"output":"^","stderr":true},"type":"standard_output"}
{"payload":{"local_timestamp":1729741375722,"message_id":277,"output":"^","stderr":true},"type":"standard_output"}
{"payload":{"local_timestamp":1729741375722,"message_id":278,"output":"\n","stderr":true},"type":"standard_output"}
{"payload":{"local_timestamp":1729741375722,"message_id":279,"output":"  File \"C:\\Users\\ericf\\AppData\\Local\\Programs\\Python\\Python312\\Lib\\site-packages\\torch\\serialization.py\", line 659, in _open_file_like\n","stderr":true},"type":"standard_output"}
{"payload":{"local_timestamp":1729741375724,"message_id":280,"output":"    ","stderr":true},"type":"standard_output"}
{"payload":{"local_timestamp":1729741375724,"message_id":281,"output":"return _open_file(name_or_buffer, mode)","stderr":true},"type":"standard_output"}
{"payload":{"local_timestamp":1729741375724,"message_id":282,"output":"\n","stderr":true},"type":"standard_output"}
{"payload":{"local_timestamp":1729741375724,"message_id":283,"output":" ","stderr":true},"type":"standard_output"}
{"payload":{"local_timestamp":1729741375724,"message_id":284,"output":" ","stderr":true},"type":"standard_output"}
{"payload":{"local_timestamp":1729741375724,"message_id":285,"output":" ","stderr":true},"type":"standard_output"}
{"payload":{"local_timestamp":1729741375724,"message_id":286,"output":" ","stderr":true},"type":"standard_output"}
{"payload":{"local_timestamp":1729741375724,"message_id":287,"output":" ","stderr":true},"type":"standard_output"}
{"payload":{"local_timestamp":1729741375724,"message_id":288,"output":" ","stderr":true},"type":"standard_output"}
{"payload":{"local_timestamp":1729741375724,"message_id":289,"output":" ","stderr":true},"type":"standard_output"}
{"payload":{"local_timestamp":1729741375724,"message_id":290,"output":" ","stderr":true},"type":"standard_output"}
{"payload":{"local_timestamp":1729741375724,"message_id":291,"output":" ","stderr":true},"type":"standard_output"}
{"payload":{"local_timestamp":1729741375724,"message_id":292,"output":" ","stderr":true},"type":"standard_output"}
{"payload":{"local_timestamp":1729741375724,"message_id":293,"output":" ","stderr":true},"type":"standard_output"}
{"payload":{"local_timestamp":1729741375724,"message_id":294,"output":"^","stderr":true},"type":"standard_output"}
{"payload":{"local_timestamp":1729741375724,"message_id":295,"output":"^","stderr":true},"type":"standard_output"}
{"payload":{"local_timestamp":1729741375724,"message_id":296,"output":"^","stderr":true},"type":"standard_output"}
{"payload":{"local_timestamp":1729741375724,"message_id":297,"output":"^","stderr":true},"type":"standard_output"}
{"payload":{"local_timestamp":1729741375724,"message_id":298,"output":"^","stderr":true},"type":"standard_output"}
{"payload":{"local_timestamp":1729741375724,"message_id":299,"output":"^","stderr":true},"type":"standard_output"}
{"payload":{"local_timestamp":1729741375724,"message_id":300,"output":"^","stderr":true},"type":"standard_output"}
{"payload":{"local_timestamp":1729741375724,"message_id":301,"output":"^","stderr":true},"type":"standard_output"}
{"payload":{"local_timestamp":1729741375724,"message_id":302,"output":"^","stderr":true},"type":"standard_output"}
{"payload":{"local_timestamp":1729741375724,"message_id":303,"output":"^","stderr":true},"type":"standard_output"}
{"payload":{"local_timestamp":1729741375724,"message_id":304,"output":"^","stderr":true},"type":"standard_output"}
{"payload":{"local_timestamp":1729741375724,"message_id":305,"output":"^","stderr":true},"type":"standard_output"}
{"payload":{"local_timestamp":1729741375724,"message_id":306,"output":"^","stderr":true},"type":"standard_output"}
{"payload":{"local_timestamp":1729741375724,"message_id":307,"output":"^","stderr":true},"type":"standard_output"}
{"payload":{"local_timestamp":1729741375724,"message_id":308,"output":"^","stderr":true},"type":"standard_output"}
{"payload":{"local_timestamp":1729741375724,"message_id":309,"output":"^","stderr":true},"type":"standard_output"}
{"payload":{"local_timestamp":1729741375724,"message_id":310,"output":"^","stderr":true},"type":"standard_output"}
{"payload":{"local_timestamp":1729741375724,"message_id":311,"output":"^","stderr":true},"type":"standard_output"}
{"payload":{"local_timestamp":1729741375724,"message_id":312,"output":"^","stderr":true},"type":"standard_output"}
{"payload":{"local_timestamp":1729741375724,"message_id":313,"output":"^","stderr":true},"type":"standard_output"}
{"payload":{"local_timestamp":1729741375724,"message_id":314,"output":"^","stderr":true},"type":"standard_output"}
{"payload":{"local_timestamp":1729741375724,"message_id":315,"output":"^","stderr":true},"type":"standard_output"}
{"payload":{"local_timestamp":1729741375724,"message_id":316,"output":"^","stderr":true},"type":"standard_output"}
{"payload":{"local_timestamp":1729741375724,"message_id":317,"output":"^","stderr":true},"type":"standard_output"}
{"payload":{"local_timestamp":1729741375724,"message_id":318,"output":"^","stderr":true},"type":"standard_output"}
{"payload":{"local_timestamp":1729741375724,"message_id":319,"output":"^","stderr":true},"type":"standard_output"}
{"payload":{"local_timestamp":1729741375724,"message_id":320,"output":"^","stderr":true},"type":"standard_output"}
{"payload":{"local_timestamp":1729741375724,"message_id":321,"output":"^","stderr":true},"type":"standard_output"}
{"payload":{"local_timestamp":1729741375724,"message_id":322,"output":"^","stderr":true},"type":"standard_output"}
{"payload":{"local_timestamp":1729741375724,"message_id":323,"output":"^","stderr":true},"type":"standard_output"}
{"payload":{"local_timestamp":1729741375724,"message_id":324,"output":"^","stderr":true},"type":"standard_output"}
{"payload":{"local_timestamp":1729741375724,"message_id":325,"output":"^","stderr":true},"type":"standard_output"}
{"payload":{"local_timestamp":1729741375724,"message_id":326,"output":"\n","stderr":true},"type":"standard_output"}
{"payload":{"local_timestamp":1729741375724,"message_id":327,"output":"  File \"C:\\Users\\ericf\\AppData\\Local\\Programs\\Python\\Python312\\Lib\\site-packages\\torch\\serialization.py\", line 640, in __init__\n","stderr":true},"type":"standard_output"}
{"payload":{"local_timestamp":1729741375725,"message_id":328,"output":"    ","stderr":true},"type":"standard_output"}
{"payload":{"local_timestamp":1729741375725,"message_id":329,"output":"super().__init__(open(name, mode))","stderr":true},"type":"standard_output"}
{"payload":{"local_timestamp":1729741375725,"message_id":330,"output":"\n","stderr":true},"type":"standard_output"}
{"payload":{"local_timestamp":1729741375725,"message_id":331,"output":" ","stderr":true},"type":"standard_output"}
{"payload":{"local_timestamp":1729741375725,"message_id":332,"output":" ","stderr":true},"type":"standard_output"}
{"payload":{"local_timestamp":1729741375725,"message_id":333,"output":" ","stderr":true},"type":"standard_output"}
{"payload":{"local_timestamp":1729741375725,"message_id":334,"output":" ","stderr":true},"type":"standard_output"}
{"payload":{"local_timestamp":1729741375725,"message_id":335,"output":" ","stderr":true},"type":"standard_output"}
{"payload":{"local_timestamp":1729741375725,"message_id":336,"output":" ","stderr":true},"type":"standard_output"}
{"payload":{"local_timestamp":1729741375725,"message_id":337,"output":" ","stderr":true},"type":"standard_output"}
{"payload":{"local_timestamp":1729741375725,"message_id":338,"output":" ","stderr":true},"type":"standard_output"}
{"payload":{"local_timestamp":1729741375725,"message_id":339,"output":" ","stderr":true},"type":"standard_output"}
{"payload":{"local_timestamp":1729741375725,"message_id":340,"output":" ","stderr":true},"type":"standard_output"}
{"payload":{"local_timestamp":1729741375725,"message_id":341,"output":" ","stderr":true},"type":"standard_output"}
{"payload":{"local_timestamp":1729741375725,"message_id":342,"output":" ","stderr":true},"type":"standard_output"}
{"payload":{"local_timestamp":1729741375725,"message_id":343,"output":" ","stderr":true},"type":"standard_output"}
{"payload":{"local_timestamp":1729741375725,"message_id":344,"output":" ","stderr":true},"type":"standard_output"}
{"payload":{"local_timestamp":1729741375725,"message_id":345,"output":" ","stderr":true},"type":"standard_output"}
{"payload":{"local_timestamp":1729741375725,"message_id":346,"output":" ","stderr":true},"type":"standard_output"}
{"payload":{"local_timestamp":1729741375725,"message_id":347,"output":" ","stderr":true},"type":"standard_output"}
{"payload":{"local_timestamp":1729741375725,"message_id":348,"output":" ","stderr":true},"type":"standard_output"}
{"payload":{"local_timestamp":1729741375725,"message_id":349,"output":" ","stderr":true},"type":"standard_output"}
{"payload":{"local_timestamp":1729741375725,"message_id":350,"output":" ","stderr":true},"type":"standard_output"}
{"payload":{"local_timestamp":1729741375725,"message_id":351,"output":" ","stderr":true},"type":"standard_output"}
{"payload":{"local_timestamp":1729741375725,"message_id":352,"output":"^","stderr":true},"type":"standard_output"}
{"payload":{"local_timestamp":1729741375725,"message_id":353,"output":"^","stderr":true},"type":"standard_output"}
{"payload":{"local_timestamp":1729741375725,"message_id":354,"output":"^","stderr":true},"type":"standard_output"}
{"payload":{"local_timestamp":1729741375725,"message_id":355,"output":"^","stderr":true},"type":"standard_output"}
{"payload":{"local_timestamp":1729741375726,"message_id":356,"output":"^","stderr":true},"type":"standard_output"}
{"payload":{"local_timestamp":1729741375726,"message_id":357,"output":"^","stderr":true},"type":"standard_output"}
{"payload":{"local_timestamp":1729741375726,"message_id":358,"output":"^","stderr":true},"type":"standard_output"}
{"payload":{"local_timestamp":1729741375726,"message_id":359,"output":"^","stderr":true},"type":"standard_output"}
{"payload":{"local_timestamp":1729741375726,"message_id":360,"output":"^","stderr":true},"type":"standard_output"}
{"payload":{"local_timestamp":1729741375726,"message_id":361,"output":"^","stderr":true},"type":"standard_output"}
{"payload":{"local_timestamp":1729741375726,"message_id":362,"output":"^","stderr":true},"type":"standard_output"}
{"payload":{"local_timestamp":1729741375726,"message_id":363,"output":"^","stderr":true},"type":"standard_output"}
{"payload":{"local_timestamp":1729741375726,"message_id":364,"output":"^","stderr":true},"type":"standard_output"}
{"payload":{"local_timestamp":1729741375726,"message_id":365,"output":"^","stderr":true},"type":"standard_output"}
{"payload":{"local_timestamp":1729741375726,"message_id":366,"output":"^","stderr":true},"type":"standard_output"}
{"payload":{"local_timestamp":1729741375726,"message_id":367,"output":"^","stderr":true},"type":"standard_output"}
{"payload":{"local_timestamp":1729741375726,"message_id":368,"output":"\n","stderr":true},"type":"standard_output"}
{"payload":{"local_timestamp":1729741375726,"message_id":369,"output":"FileNotFoundError","stderr":true},"type":"standard_output"}
{"payload":{"local_timestamp":1729741375726,"message_id":370,"output":": ","stderr":true},"type":"standard_output"}
{"payload":{"local_timestamp":1729741375726,"message_id":371,"output":"[Errno 2] No such file or directory: 'yolov5yolov5s.pt'","stderr":true},"type":"standard_output"}
{"payload":{"local_timestamp":1729741375726,"message_id":372,"output":"\n","stderr":true},"type":"standard_output"}
{"payload":{"local_timestamp":1729741375728,"message_id":373,"output":"\u001b[1;38;5;39mCOMET INFO:\u001b[0m ---------------------------------------------------------------------------------------\n","stderr":true},"type":"standard_output"}
{"payload":{"local_timestamp":1729741375729,"message_id":374,"output":"\u001b[1;38;5;39mCOMET INFO:\u001b[0m Comet.ml OfflineExperiment Summary\n","stderr":true},"type":"standard_output"}
{"payload":{"local_timestamp":1729741375729,"message_id":375,"output":"\u001b[1;38;5;39mCOMET INFO:\u001b[0m ---------------------------------------------------------------------------------------\n","stderr":true},"type":"standard_output"}
{"payload":{"local_timestamp":1729741375729,"message_id":376,"output":"\u001b[1;38;5;39mCOMET INFO:\u001b[0m   Data:\n","stderr":true},"type":"standard_output"}
{"payload":{"local_timestamp":1729741375730,"message_id":377,"output":"\u001b[1;38;5;39mCOMET INFO:\u001b[0m     display_summary_level : 1\n","stderr":true},"type":"standard_output"}
{"payload":{"local_timestamp":1729741375730,"message_id":378,"output":"\u001b[1;38;5;39mCOMET INFO:\u001b[0m     name                  : exp\n","stderr":true},"type":"standard_output"}
{"payload":{"local_timestamp":1729741375730,"message_id":379,"output":"\u001b[1;38;5;39mCOMET INFO:\u001b[0m     url                   : [OfflineExperiment will get URL after upload]\n","stderr":true},"type":"standard_output"}
{"payload":{"local_timestamp":1729741375731,"message_id":380,"output":"\u001b[1;38;5;39mCOMET INFO:\u001b[0m   Others:\n","stderr":true},"type":"standard_output"}
{"payload":{"local_timestamp":1729741375731,"message_id":381,"output":"\u001b[1;38;5;39mCOMET INFO:\u001b[0m     Created from                : YOLOv5\n","stderr":true},"type":"standard_output"}
{"payload":{"local_timestamp":1729741375731,"message_id":382,"output":"\u001b[1;38;5;39mCOMET INFO:\u001b[0m     Name                        : exp\n","stderr":true},"type":"standard_output"}
{"payload":{"local_timestamp":1729741375733,"message_id":383,"output":"\u001b[1;38;5;39mCOMET INFO:\u001b[0m     comet_log_batch_metrics     : False\n","stderr":true},"type":"standard_output"}
{"payload":{"local_timestamp":1729741375733,"message_id":384,"output":"\u001b[1;38;5;39mCOMET INFO:\u001b[0m     comet_log_confusion_matrix  : True\n","stderr":true},"type":"standard_output"}
{"payload":{"local_timestamp":1729741375733,"message_id":385,"output":"\u001b[1;38;5;39mCOMET INFO:\u001b[0m     comet_log_per_class_metrics : False\n","stderr":true},"type":"standard_output"}
{"payload":{"local_timestamp":1729741375733,"message_id":386,"output":"\u001b[1;38;5;39mCOMET INFO:\u001b[0m     comet_max_image_uploads     : 100\n","stderr":true},"type":"standard_output"}
{"payload":{"local_timestamp":1729741375734,"message_id":387,"output":"\u001b[1;38;5;39mCOMET INFO:\u001b[0m     comet_mode                  : online\n","stderr":true},"type":"standard_output"}
{"payload":{"local_timestamp":1729741375734,"message_id":388,"output":"\u001b[1;38;5;39mCOMET INFO:\u001b[0m     comet_model_name            : yolov5\n","stderr":true},"type":"standard_output"}
{"payload":{"local_timestamp":1729741375734,"message_id":389,"output":"\u001b[1;38;5;39mCOMET INFO:\u001b[0m     hasNestedParams             : True\n","stderr":true},"type":"standard_output"}
{"payload":{"local_timestamp":1729741375735,"message_id":390,"output":"\u001b[1;38;5;39mCOMET INFO:\u001b[0m     offline_experiment          : True\n","stderr":true},"type":"standard_output"}
{"payload":{"local_timestamp":1729741375735,"message_id":391,"output":"\u001b[1;38;5;39mCOMET INFO:\u001b[0m   Parameters:\n","stderr":true},"type":"standard_output"}
{"payload":{"local_timestamp":1729741375735,"message_id":392,"output":"\u001b[1;38;5;39mCOMET INFO:\u001b[0m     anchor_t            : 4.0\n","stderr":true},"type":"standard_output"}
{"payload":{"local_timestamp":1729741375735,"message_id":393,"output":"\u001b[1;38;5;39mCOMET INFO:\u001b[0m     artifact_alias      : latest\n","stderr":true},"type":"standard_output"}
{"payload":{"local_timestamp":1729741375736,"message_id":394,"output":"\u001b[1;38;5;39mCOMET INFO:\u001b[0m     batch_size          : 16\n","stderr":true},"type":"standard_output"}
{"payload":{"local_timestamp":1729741375736,"message_id":395,"output":"\u001b[1;38;5;39mCOMET INFO:\u001b[0m     bbox_interval       : -1\n","stderr":true},"type":"standard_output"}
{"payload":{"local_timestamp":1729741375736,"message_id":396,"output":"\u001b[1;38;5;39mCOMET INFO:\u001b[0m     box                 : 0.05\n","stderr":true},"type":"standard_output"}
{"payload":{"local_timestamp":1729741375736,"message_id":397,"output":"\u001b[1;38;5;39mCOMET INFO:\u001b[0m     bucket              : \n","stderr":true},"type":"standard_output"}
{"payload":{"local_timestamp":1729741375736,"message_id":398,"output":"\u001b[1;38;5;39mCOMET INFO:\u001b[0m     cache               : None\n","stderr":true},"type":"standard_output"}
{"payload":{"local_timestamp":1729741375737,"message_id":399,"output":"\u001b[1;38;5;39mCOMET INFO:\u001b[0m     cfg                 : \n","stderr":true},"type":"standard_output"}
{"payload":{"local_timestamp":1729741375737,"message_id":400,"output":"\u001b[1;38;5;39mCOMET INFO:\u001b[0m     cls                 : 0.5\n","stderr":true},"type":"standard_output"}
{"payload":{"local_timestamp":1729741375737,"message_id":401,"output":"\u001b[1;38;5;39mCOMET INFO:\u001b[0m     cls_pw              : 1.0\n","stderr":true},"type":"standard_output"}
{"payload":{"local_timestamp":1729741375737,"message_id":402,"output":"\u001b[1;38;5;39mCOMET INFO:\u001b[0m     copy_paste          : 0.0\n","stderr":true},"type":"standard_output"}
{"payload":{"local_timestamp":1729741375737,"message_id":403,"output":"\u001b[1;38;5;39mCOMET INFO:\u001b[0m     cos_lr              : False\n","stderr":true},"type":"standard_output"}
{"payload":{"local_timestamp":1729741375738,"message_id":404,"output":"\u001b[1;38;5;39mCOMET INFO:\u001b[0m     degrees             : 0.0\n","stderr":true},"type":"standard_output"}
{"payload":{"local_timestamp":1729741375738,"message_id":405,"output":"\u001b[1;38;5;39mCOMET INFO:\u001b[0m     entity              : None\n","stderr":true},"type":"standard_output"}
{"payload":{"local_timestamp":1729741375738,"message_id":406,"output":"\u001b[1;38;5;39mCOMET INFO:\u001b[0m     evolve              : None\n","stderr":true},"type":"standard_output"}
{"payload":{"local_timestamp":1729741375738,"message_id":407,"output":"\u001b[1;38;5;39mCOMET INFO:\u001b[0m     evolve_population   : yolov5\\data\\hyps\n","stderr":true},"type":"standard_output"}
{"payload":{"local_timestamp":1729741375738,"message_id":408,"output":"\u001b[1;38;5;39mCOMET INFO:\u001b[0m     exist_ok            : False\n","stderr":true},"type":"standard_output"}
{"payload":{"local_timestamp":1729741375739,"message_id":409,"output":"\u001b[1;38;5;39mCOMET INFO:\u001b[0m     fl_gamma            : 0.0\n","stderr":true},"type":"standard_output"}
{"payload":{"local_timestamp":1729741375739,"message_id":410,"output":"\u001b[1;38;5;39mCOMET INFO:\u001b[0m     fliplr              : 0.5\n","stderr":true},"type":"standard_output"}
{"payload":{"local_timestamp":1729741375739,"message_id":411,"output":"\u001b[1;38;5;39mCOMET INFO:\u001b[0m     flipud              : 0.0\n","stderr":true},"type":"standard_output"}
{"payload":{"local_timestamp":1729741375739,"message_id":412,"output":"\u001b[1;38;5;39mCOMET INFO:\u001b[0m     freeze              : [0]\n","stderr":true},"type":"standard_output"}
{"payload":{"local_timestamp":1729741375739,"message_id":413,"output":"\u001b[1;38;5;39mCOMET INFO:\u001b[0m     hsv_h               : 0.015\n","stderr":true},"type":"standard_output"}
{"payload":{"local_timestamp":1729741375740,"message_id":414,"output":"\u001b[1;38;5;39mCOMET INFO:\u001b[0m     hsv_s               : 0.7\n","stderr":true},"type":"standard_output"}
{"payload":{"local_timestamp":1729741375740,"message_id":415,"output":"\u001b[1;38;5;39mCOMET INFO:\u001b[0m     hsv_v               : 0.4\n","stderr":true},"type":"standard_output"}
{"payload":{"local_timestamp":1729741375740,"message_id":416,"output":"\u001b[1;38;5;39mCOMET INFO:\u001b[0m     hyp|anchor_t        : 4.0\n","stderr":true},"type":"standard_output"}
{"payload":{"local_timestamp":1729741375740,"message_id":417,"output":"\u001b[1;38;5;39mCOMET INFO:\u001b[0m     hyp|box             : 0.05\n","stderr":true},"type":"standard_output"}
{"payload":{"local_timestamp":1729741375741,"message_id":418,"output":"\u001b[1;38;5;39mCOMET INFO:\u001b[0m     hyp|cls             : 0.5\n","stderr":true},"type":"standard_output"}
{"payload":{"local_timestamp":1729741375741,"message_id":419,"output":"\u001b[1;38;5;39mCOMET INFO:\u001b[0m     hyp|cls_pw          : 1.0\n","stderr":true},"type":"standard_output"}
{"payload":{"local_timestamp":1729741375741,"message_id":420,"output":"\u001b[1;38;5;39mCOMET INFO:\u001b[0m     hyp|copy_paste      : 0.0\n","stderr":true},"type":"standard_output"}
{"payload":{"local_timestamp":1729741375741,"message_id":421,"output":"\u001b[1;38;5;39mCOMET INFO:\u001b[0m     hyp|degrees         : 0.0\n","stderr":true},"type":"standard_output"}
{"payload":{"local_timestamp":1729741375741,"message_id":422,"output":"\u001b[1;38;5;39mCOMET INFO:\u001b[0m     hyp|fl_gamma        : 0.0\n","stderr":true},"type":"standard_output"}
{"payload":{"local_timestamp":1729741375742,"message_id":423,"output":"\u001b[1;38;5;39mCOMET INFO:\u001b[0m     hyp|fliplr          : 0.5\n","stderr":true},"type":"standard_output"}
{"payload":{"local_timestamp":1729741375742,"message_id":424,"output":"\u001b[1;38;5;39mCOMET INFO:\u001b[0m     hyp|flipud          : 0.0\n","stderr":true},"type":"standard_output"}
{"payload":{"local_timestamp":1729741375742,"message_id":425,"output":"\u001b[1;38;5;39mCOMET INFO:\u001b[0m     hyp|hsv_h           : 0.015\n","stderr":true},"type":"standard_output"}
{"payload":{"local_timestamp":1729741375742,"message_id":426,"output":"\u001b[1;38;5;39mCOMET INFO:\u001b[0m     hyp|hsv_s           : 0.7\n","stderr":true},"type":"standard_output"}
{"payload":{"local_timestamp":1729741375742,"message_id":427,"output":"\u001b[1;38;5;39mCOMET INFO:\u001b[0m     hyp|hsv_v           : 0.4\n","stderr":true},"type":"standard_output"}
{"payload":{"local_timestamp":1729741375743,"message_id":428,"output":"\u001b[1;38;5;39mCOMET INFO:\u001b[0m     hyp|iou_t           : 0.2\n","stderr":true},"type":"standard_output"}
{"payload":{"local_timestamp":1729741375743,"message_id":429,"output":"\u001b[1;38;5;39mCOMET INFO:\u001b[0m     hyp|lr0             : 0.01\n","stderr":true},"type":"standard_output"}
{"payload":{"local_timestamp":1729741375743,"message_id":430,"output":"\u001b[1;38;5;39mCOMET INFO:\u001b[0m     hyp|lrf             : 0.01\n","stderr":true},"type":"standard_output"}
{"payload":{"local_timestamp":1729741375744,"message_id":431,"output":"\u001b[1;38;5;39mCOMET INFO:\u001b[0m     hyp|mixup           : 0.0\n","stderr":true},"type":"standard_output"}
{"payload":{"local_timestamp":1729741375744,"message_id":432,"output":"\u001b[1;38;5;39mCOMET INFO:\u001b[0m     hyp|momentum        : 0.937\n","stderr":true},"type":"standard_output"}
{"payload":{"local_timestamp":1729741375744,"message_id":433,"output":"\u001b[1;38;5;39mCOMET INFO:\u001b[0m     hyp|mosaic          : 1.0\n","stderr":true},"type":"standard_output"}
{"payload":{"local_timestamp":1729741375744,"message_id":434,"output":"\u001b[1;38;5;39mCOMET INFO:\u001b[0m     hyp|obj             : 1.0\n","stderr":true},"type":"standard_output"}
{"payload":{"local_timestamp":1729741375744,"message_id":435,"output":"\u001b[1;38;5;39mCOMET INFO:\u001b[0m     hyp|obj_pw          : 1.0\n","stderr":true},"type":"standard_output"}
{"payload":{"local_timestamp":1729741375744,"message_id":436,"output":"\u001b[1;38;5;39mCOMET INFO:\u001b[0m     hyp|perspective     : 0.0\n","stderr":true},"type":"standard_output"}
{"payload":{"local_timestamp":1729741375744,"message_id":437,"output":"\u001b[1;38;5;39mCOMET INFO:\u001b[0m     hyp|scale           : 0.5\n","stderr":true},"type":"standard_output"}
{"payload":{"local_timestamp":1729741375745,"message_id":438,"output":"\u001b[1;38;5;39mCOMET INFO:\u001b[0m     hyp|shear           : 0.0\n","stderr":true},"type":"standard_output"}
{"payload":{"local_timestamp":1729741375745,"message_id":439,"output":"\u001b[1;38;5;39mCOMET INFO:\u001b[0m     hyp|translate       : 0.1\n","stderr":true},"type":"standard_output"}
{"payload":{"local_timestamp":1729741375745,"message_id":440,"output":"\u001b[1;38;5;39mCOMET INFO:\u001b[0m     hyp|warmup_bias_lr  : 0.1\n","stderr":true},"type":"standard_output"}
{"payload":{"local_timestamp":1729741375745,"message_id":441,"output":"\u001b[1;38;5;39mCOMET INFO:\u001b[0m     hyp|warmup_epochs   : 3.0\n","stderr":true},"type":"standard_output"}
{"payload":{"local_timestamp":1729741375746,"message_id":442,"output":"\u001b[1;38;5;39mCOMET INFO:\u001b[0m     hyp|warmup_momentum : 0.8\n","stderr":true},"type":"standard_output"}
{"payload":{"local_timestamp":1729741375746,"message_id":443,"output":"\u001b[1;38;5;39mCOMET INFO:\u001b[0m     hyp|weight_decay    : 0.0005\n","stderr":true},"type":"standard_output"}
{"payload":{"local_timestamp":1729741375747,"message_id":444,"output":"\u001b[1;38;5;39mCOMET INFO:\u001b[0m     image_weights       : False\n","stderr":true},"type":"standard_output"}
{"payload":{"local_timestamp":1729741375747,"message_id":445,"output":"\u001b[1;38;5;39mCOMET INFO:\u001b[0m     imgsz               : 640\n","stderr":true},"type":"standard_output"}
{"payload":{"local_timestamp":1729741375747,"message_id":446,"output":"\u001b[1;38;5;39mCOMET INFO:\u001b[0m     iou_t               : 0.2\n","stderr":true},"type":"standard_output"}
{"payload":{"local_timestamp":1729741375747,"message_id":447,"output":"\u001b[1;38;5;39mCOMET INFO:\u001b[0m     label_smoothing     : 0.0\n","stderr":true},"type":"standard_output"}
{"payload":{"local_timestamp":1729741375748,"message_id":448,"output":"\u001b[1;38;5;39mCOMET INFO:\u001b[0m     local_rank          : -1\n","stderr":true},"type":"standard_output"}
{"payload":{"local_timestamp":1729741375748,"message_id":449,"output":"\u001b[1;38;5;39mCOMET INFO:\u001b[0m     lr0                 : 0.01\n","stderr":true},"type":"standard_output"}
{"payload":{"local_timestamp":1729741375748,"message_id":450,"output":"\u001b[1;38;5;39mCOMET INFO:\u001b[0m     lrf                 : 0.01\n","stderr":true},"type":"standard_output"}
{"payload":{"local_timestamp":1729741375748,"message_id":451,"output":"\u001b[1;38;5;39mCOMET INFO:\u001b[0m     mixup               : 0.0\n","stderr":true},"type":"standard_output"}
{"payload":{"local_timestamp":1729741375748,"message_id":452,"output":"\u001b[1;38;5;39mCOMET INFO:\u001b[0m     momentum            : 0.937\n","stderr":true},"type":"standard_output"}
{"payload":{"local_timestamp":1729741375748,"message_id":453,"output":"\u001b[1;38;5;39mCOMET INFO:\u001b[0m     mosaic              : 1.0\n","stderr":true},"type":"standard_output"}
{"payload":{"local_timestamp":1729741375749,"message_id":454,"output":"\u001b[1;38;5;39mCOMET INFO:\u001b[0m     multi_scale         : False\n","stderr":true},"type":"standard_output"}
{"payload":{"local_timestamp":1729741375749,"message_id":455,"output":"\u001b[1;38;5;39mCOMET INFO:\u001b[0m     name                : exp\n","stderr":true},"type":"standard_output"}
{"payload":{"local_timestamp":1729741375749,"message_id":456,"output":"\u001b[1;38;5;39mCOMET INFO:\u001b[0m     ndjson_console      : False\n","stderr":true},"type":"standard_output"}
{"payload":{"local_timestamp":1729741375749,"message_id":457,"output":"\u001b[1;38;5;39mCOMET INFO:\u001b[0m     ndjson_file         : False\n","stderr":true},"type":"standard_output"}
{"payload":{"local_timestamp":1729741375749,"message_id":458,"output":"\u001b[1;38;5;39mCOMET INFO:\u001b[0m     noautoanchor        : False\n","stderr":true},"type":"standard_output"}
{"payload":{"local_timestamp":1729741375750,"message_id":459,"output":"\u001b[1;38;5;39mCOMET INFO:\u001b[0m     noplots             : False\n","stderr":true},"type":"standard_output"}
{"payload":{"local_timestamp":1729741375750,"message_id":460,"output":"\u001b[1;38;5;39mCOMET INFO:\u001b[0m     nosave              : False\n","stderr":true},"type":"standard_output"}
{"payload":{"local_timestamp":1729741375750,"message_id":461,"output":"\u001b[1;38;5;39mCOMET INFO:\u001b[0m     noval               : False\n","stderr":true},"type":"standard_output"}
{"payload":{"local_timestamp":1729741375750,"message_id":462,"output":"\u001b[1;38;5;39mCOMET INFO:\u001b[0m     obj                 : 1.0\n","stderr":true},"type":"standard_output"}
{"payload":{"local_timestamp":1729741375751,"message_id":463,"output":"\u001b[1;38;5;39mCOMET INFO:\u001b[0m     obj_pw              : 1.0\n","stderr":true},"type":"standard_output"}
{"payload":{"local_timestamp":1729741375751,"message_id":464,"output":"\u001b[1;38;5;39mCOMET INFO:\u001b[0m     optimizer           : SGD\n","stderr":true},"type":"standard_output"}
{"payload":{"local_timestamp":1729741375751,"message_id":465,"output":"\u001b[1;38;5;39mCOMET INFO:\u001b[0m     patience            : 100\n","stderr":true},"type":"standard_output"}
{"payload":{"local_timestamp":1729741375751,"message_id":466,"output":"\u001b[1;38;5;39mCOMET INFO:\u001b[0m     perspective         : 0.0\n","stderr":true},"type":"standard_output"}
{"payload":{"local_timestamp":1729741375751,"message_id":467,"output":"\u001b[1;38;5;39mCOMET INFO:\u001b[0m     project             : yolov5\\runs\\train\n","stderr":true},"type":"standard_output"}
{"payload":{"local_timestamp":1729741375752,"message_id":468,"output":"\u001b[1;38;5;39mCOMET INFO:\u001b[0m     quad                : False\n","stderr":true},"type":"standard_output"}
{"payload":{"local_timestamp":1729741375752,"message_id":469,"output":"\u001b[1;38;5;39mCOMET INFO:\u001b[0m     rect                : False\n","stderr":true},"type":"standard_output"}
{"payload":{"local_timestamp":1729741375752,"message_id":470,"output":"\u001b[1;38;5;39mCOMET INFO:\u001b[0m     resume              : False\n","stderr":true},"type":"standard_output"}
{"payload":{"local_timestamp":1729741375752,"message_id":471,"output":"\u001b[1;38;5;39mCOMET INFO:\u001b[0m     resume_evolve       : None\n","stderr":true},"type":"standard_output"}
{"payload":{"local_timestamp":1729741375752,"message_id":472,"output":"\u001b[1;38;5;39mCOMET INFO:\u001b[0m     save_dir            : yolov5\\runs\\train\\exp11\n","stderr":true},"type":"standard_output"}
{"payload":{"local_timestamp":1729741375753,"message_id":473,"output":"\u001b[1;38;5;39mCOMET INFO:\u001b[0m     save_period         : -1\n","stderr":true},"type":"standard_output"}
{"payload":{"local_timestamp":1729741375753,"message_id":474,"output":"\u001b[1;38;5;39mCOMET INFO:\u001b[0m     scale               : 0.5\n","stderr":true},"type":"standard_output"}
{"payload":{"local_timestamp":1729741375753,"message_id":475,"output":"\u001b[1;38;5;39mCOMET INFO:\u001b[0m     seed                : 0\n","stderr":true},"type":"standard_output"}
{"payload":{"local_timestamp":1729741375754,"message_id":476,"output":"\u001b[1;38;5;39mCOMET INFO:\u001b[0m     shear               : 0.0\n","stderr":true},"type":"standard_output"}
{"payload":{"local_timestamp":1729741375754,"message_id":477,"output":"\u001b[1;38;5;39mCOMET INFO:\u001b[0m     single_cls          : False\n","stderr":true},"type":"standard_output"}
{"payload":{"local_timestamp":1729741375754,"message_id":478,"output":"\u001b[1;38;5;39mCOMET INFO:\u001b[0m     sync_bn             : False\n","stderr":true},"type":"standard_output"}
{"payload":{"local_timestamp":1729741375754,"message_id":479,"output":"\u001b[1;38;5;39mCOMET INFO:\u001b[0m     translate           : 0.1\n","stderr":true},"type":"standard_output"}
{"payload":{"local_timestamp":1729741375754,"message_id":480,"output":"\u001b[1;38;5;39mCOMET INFO:\u001b[0m     upload_dataset      : False\n","stderr":true},"type":"standard_output"}
{"payload":{"local_timestamp":1729741375754,"message_id":481,"output":"\u001b[1;38;5;39mCOMET INFO:\u001b[0m     val_conf_threshold  : 0.001\n","stderr":true},"type":"standard_output"}
{"payload":{"local_timestamp":1729741375754,"message_id":482,"output":"\u001b[1;38;5;39mCOMET INFO:\u001b[0m     val_iou_threshold   : 0.6\n","stderr":true},"type":"standard_output"}
{"payload":{"local_timestamp":1729741375755,"message_id":483,"output":"\u001b[1;38;5;39mCOMET INFO:\u001b[0m     warmup_bias_lr      : 0.1\n","stderr":true},"type":"standard_output"}
{"payload":{"local_timestamp":1729741375755,"message_id":484,"output":"\u001b[1;38;5;39mCOMET INFO:\u001b[0m     warmup_epochs       : 3.0\n","stderr":true},"type":"standard_output"}
{"payload":{"local_timestamp":1729741375756,"message_id":485,"output":"\u001b[1;38;5;39mCOMET INFO:\u001b[0m     warmup_momentum     : 0.8\n","stderr":true},"type":"standard_output"}
{"payload":{"local_timestamp":1729741375756,"message_id":486,"output":"\u001b[1;38;5;39mCOMET INFO:\u001b[0m     weight_decay        : 0.0005\n","stderr":true},"type":"standard_output"}
{"payload":{"local_timestamp":1729741375756,"message_id":487,"output":"\u001b[1;38;5;39mCOMET INFO:\u001b[0m     workers             : 8\n","stderr":true},"type":"standard_output"}
{"payload":{"local_timestamp":1729741375756,"message_id":488,"output":"\u001b[1;38;5;39mCOMET INFO:\u001b[0m   Uploads:\n","stderr":true},"type":"standard_output"}
{"payload":{"local_timestamp":1729741375756,"message_id":489,"output":"\u001b[1;38;5;39mCOMET INFO:\u001b[0m     asset               : 3 (1.71 KB)\n","stderr":true},"type":"standard_output"}
{"payload":{"local_timestamp":1729741375756,"message_id":490,"output":"\u001b[1;38;5;39mCOMET INFO:\u001b[0m     environment details : 1\n","stderr":true},"type":"standard_output"}
{"payload":{"local_timestamp":1729741375756,"message_id":491,"output":"\u001b[1;38;5;39mCOMET INFO:\u001b[0m     installed packages  : 1\n","stderr":true},"type":"standard_output"}
{"payload":{"local_timestamp":1729741375756,"message_id":492,"output":"\u001b[1;38;5;39mCOMET INFO:\u001b[0m \n","stderr":true},"type":"standard_output"}
